"""Tanggal"",""Terakhir"",""Pembukaan"",""Tertinggi"",""Terendah"",""Vol."",""Perubahan%"""
"""43466"",""1282,62"",""1283,13"",""1283,24"",""1282,62"","""",""-0,0002"""
"""43467"",""1284,77"",""1281,62"",""1288,69"",""1278,33"","""",""0,0017"""
"""43468"",""1293,99"",""1285,12"",""1295,27"",""1284,16"","""",""0,0072"""
"""43469"",""1284,92"",""1294,06"",""1298,51"",""1276,49"","""",""-0,007"""
"""43472"",""1288,67"",""1285,78"",""1295,14"",""1282,29"","""",""0,0029"""
"""43473"",""1285,35"",""1289,13"",""1290,69"",""1279,2"","""",""-0,0026"""
"""43474"",""1293,13"",""1285,36"",""1293,95"",""1279,63"","""",""0,0061"""
"""43475"",""1286,38"",""1293,11"",""1297,14"",""1285,81"","""",""-0,0052"""
"""43476"",""1288"",""1286,72"",""1295,65"",""1286,25"","""",""0,0013"""
"""43479"",""1291,73"",""1287,16"",""1295,9"",""1287,16"","""",""0,0029"""
"""43480"",""1289,31"",""1291,76"",""1294,7"",""1286,37"","""",""-0,0019"""
"""43481"",""1293,52"",""1289,13"",""1295,02"",""1287,59"","""",""0,0033"""
"""43482"",""1291,9"",""1293,99"",""1295,84"",""1288,96"","""",""-0,0013"""
"""43483"",""1281,49"",""1292,18"",""1292,86"",""1280,64"","""",""-0,0081"""
"""43486"",""1280,28"",""1281,75"",""1284,29"",""1277,06"","""",""-0,0009"""
"""43487"",""1285,04"",""1279,73"",""1285,84"",""1277,25"","""",""0,0037"""
"""43488"",""1282,39"",""1285,34"",""1286,92"",""1278,38"","""",""-0,0021"""
"""43489"",""1280,94"",""1282,74"",""1285,15"",""1276,97"","""",""-0,0011"""
"""43490"",""1303,22"",""1280,94"",""1303,69"",""1279,39"","""",""0,0174"""
"""43493"",""1303,53"",""1303,49"",""1304,49"",""1297,26"","""",""0,0002"""
"""43494"",""1311,93"",""1303,53"",""1312,05"",""1302,12"","""",""0,0064"""
"""43495"",""1319,91"",""1312,27"",""1323,74"",""1308,81"","""",""0,0061"""
"""43496"",""1320,94"",""1320,18"",""1326,68"",""1317,55"","""",""0,0008"""
"""43497"",""1318"",""1320,95"",""1323,58"",""1315,66"","""",""-0,0022"""
"""43500"",""1311,75"",""1317,55"",""1318,8"",""1308,26"","""",""-0,0047"""
"""43501"",""1315,01"",""1311,75"",""1316,86"",""1310,3"","""",""0,0025"""
"""43502"",""1306,22"",""1315,03"",""1315,88"",""1305,38"","""",""-0,0067"""
"""43503"",""1310,09"",""1305,87"",""1311,99"",""1302,17"","""",""0,003"""
"""43504"",""1314,07"",""1310,14"",""1315,72"",""1307,23"","""",""0,003"""
"""43507"",""1308,33"",""1314,22"",""1314,88"",""1303,58"","""",""-0,0044"""
"""43508"",""1310,89"",""1308,55"",""1315,12"",""1306,64"","""",""0,002"""
"""43509"",""1306,19"",""1310,88"",""1318,19"",""1304,5"","""",""-0,0036"""
"""43510"",""1312,55"",""1306,16"",""1314,43"",""1302,63"","""",""0,0049"""
"""43511"",""1321,41"",""1312,98"",""1322,98"",""1311,16"","""",""0,0068"""
"""43514"",""1326,9"",""1321,95"",""1328,39"",""1321,11"","""",""0,0042"""
"""43515"",""1341,16"",""1325,9"",""1341,87"",""1322,33"","""",""0,0107"""
"""43516"",""1338,49"",""1341,25"",""1346,81"",""1336,63"","""",""-0,002"""
"""43517"",""1323,49"",""1338,89"",""1341,88"",""1322,24"","""",""-0,0112"""
"""43518"",""1327,8"",""1323,52"",""1333,17"",""1321,16"","""",""0,0033"""
"""43521"",""1327,12"",""1328,57"",""1332,59"",""1325,03"","""",""-0,0005"""
"""43522"",""1328,96"",""1327,44"",""1330,59"",""1323,61"","""",""0,0014"""
"""43523"",""1319,88"",""1328,91"",""1329,63"",""1316,51"","""",""-0,0068"""
"""43524"",""1313,05"",""1320,18"",""1327,42"",""1312,54"","""",""-0,0052"""
"""43525"",""1293,56"",""1312,81"",""1315,33"",""1290,16"","""",""-0,0148"""
"""43528"",""1286,66"",""1293,62"",""1297,11"",""1282,75"","""",""-0,0053"""
"""43529"",""1287,43"",""1286,67"",""1289,75"",""1280,95"","""",""0,0006"""
"""43530"",""1286,76"",""1287,62"",""1291,07"",""1283,45"","""",""-0,0005"""
"""43531"",""1285,74"",""1286,71"",""1289,06"",""1281,16"","""",""-0,0008"""
"""43532"",""1298,39"",""1285,91"",""1300,99"",""1285,29"","""",""0,0098"""
"""43535"",""1294,25"",""1298,7"",""1299,27"",""1290,15"","""",""-0,0032"""
"""43536"",""1302,01"",""1293,71"",""1302,19"",""1292,06"","""",""0,006"""
"""43537"",""1309,28"",""1302,01"",""1311,33"",""1300,56"","""",""0,0056"""
"""43538"",""1296,28"",""1309,61"",""1310,46"",""1292,75"","""",""-0,0099"""
"""43539"",""1301,38"",""1295,74"",""1306,58"",""1293,66"","""",""0,0039"""
"""43542"",""1303,7"",""1301,64"",""1306,78"",""1298,12"","""",""0,0018"""
"""43543"",""1306,55"",""1303,45"",""1311,07"",""1302,45"","""",""0,0022"""
"""43544"",""1312,48"",""1305,61"",""1316,83"",""1298,5"","""",""0,0045"""
"""43545"",""1309,45"",""1312,64"",""1320,47"",""1303,25"","""",""-0,0023"""
"""43546"",""1313,38"",""1309,14"",""1315,08"",""1306,81"","""",""0,003"""
"""43549"",""1321,9"",""1313,05"",""1324,43"",""1310,8"","""",""0,0065"""
"""43550"",""1315,51"",""1321,51"",""1323,24"",""1312,51"","""",""-0,0048"""
"""43551"",""1309,87"",""1315,81"",""1319,57"",""1308,07"","""",""-0,0043"""
"""43552"",""1290,55"",""1309,85"",""1312,63"",""1288,7"","""",""-0,0147"""
"""43553"",""1292,15"",""1290,14"",""1299,82"",""1286,6"","""",""0,0012"""
"""43556"",""1287,66"",""1291,33"",""1297,04"",""1286,5"","""",""-0,0035"""
"""43557"",""1293,15"",""1287,55"",""1293,15"",""1285,16"","""",""0,0043"""
"""43558"",""1289,9"",""1292,21"",""1294,67"",""1288,2"","""",""-0,0025"""
"""43559"",""1292,38"",""1289,95"",""1294,36"",""1280,84"","""",""0,0019"""
"""43560"",""1291,7"",""1292,46"",""1293,77"",""1284,46"","""",""-0,0005"""
"""43563"",""1297,41"",""1291,65"",""1303,86"",""1291,35"","""",""0,0044"""
"""43564"",""1304,13"",""1297,24"",""1306,34"",""1296,55"","""",""0,0052"""
"""43565"",""1308,05"",""1303,96"",""1310,75"",""1300,89"","""",""0,003"""
"""43566"",""1292,6"",""1307,95"",""1309,36"",""1289,45"","""",""-0,0118"""
"""43567"",""1290,4"",""1292,3"",""1296,05"",""1290,11"","""",""-0,0017"""
"""43570"",""1287,88"",""1290,45"",""1292,01"",""1282,21"","""",""-0,002"""
"""43571"",""1276,57"",""1287,91"",""1289"",""1273,1"","""",""-0,0088"""
"""43572"",""1274,14"",""1276,86"",""1280,06"",""1272,93"","""",""-0,0019"""
"""43573"",""1275,39"",""1273,38"",""1277,95"",""1271,02"","""",""0,001"""
"""43577"",""1274,92"",""1275,83"",""1279,96"",""1273,45"","""",""-0,0004"""
"""43578"",""1272,4"",""1275,26"",""1276,66"",""1266,15"","""",""-0,002"""
"""43579"",""1275,36"",""1272,31"",""1278,74"",""1268,55"","""",""0,0023"""
"""43580"",""1277,35"",""1275,6"",""1282,78"",""1273,5"","""",""0,0016"""
"""43581"",""1286,25"",""1277,42"",""1288,99"",""1276,05"","""",""0,007"""
"""43584"",""1279,8"",""1286,4"",""1286,81"",""1277,78"","""",""-0,005"""
"""43585"",""1283,6"",""1279,98"",""1286,39"",""1279,54"","""",""0,003"""
"""43586"",""1276,61"",""1283,46"",""1287,21"",""1272,99"","""",""-0,0054"""
"""43587"",""1270,54"",""1276,81"",""1278,18"",""1266,1"","""",""-0,0048"""
"""43588"",""1279,19"",""1270,61"",""1282,67"",""1268,81"","""",""0,0068"""
"""43591"",""1280,33"",""1281,06"",""1285,76"",""1276,6"","""",""0,0009"""
"""43592"",""1285,15"",""1281,55"",""1286,74"",""1278,5"","""",""0,0038"""
"""43593"",""1280,93"",""1284,16"",""1291,79"",""1279,35"","""",""-0,0033"""
"""43594"",""1284,14"",""1280,49"",""1288,52"",""1279,41"","""",""0,0025"""
"""43595"",""1286"",""1284,36"",""1289,73"",""1283,21"","""",""0,0014"""
"""43598"",""1299,9"",""1286,56"",""1301,35"",""1281,6"","""",""0,0108"""
"""43599"",""1297,03"",""1300,11"",""1303,51"",""1293,33"","""",""-0,0022"""
"""43600"",""1296,66"",""1297,17"",""1301,02"",""1292,7"","""",""-0,0003"""
"""43601"",""1286,65"",""1296,75"",""1298,92"",""1283,95"","""",""-0,0077"""
"""43602"",""1277,55"",""1286,5"",""1289,29"",""1274,91"","""",""-0,0071"""
"""43605"",""1277,74"",""1277,8"",""1279,14"",""1273,47"","""",""0,0001"""
"""43606"",""1274,97"",""1277,95"",""1278,06"",""1269,22"","""",""-0,0022"""
"""43607"",""1273,62"",""1274,61"",""1277,42"",""1272,15"","""",""-0,0011"""
"""43608"",""1283,45"",""1273,8"",""1287,63"",""1272,58"","""",""0,0077"""
"""43609"",""1284,89"",""1283,4"",""1285,42"",""1280,45"","""",""0,0011"""
"""43612"",""1285,2"",""1285,8"",""1287,72"",""1283,8"","""",""0,0002"""
"""43613"",""1279,49"",""1285,59"",""1286,86"",""1276,07"","""",""-0,0044"""
"""43614"",""1279,6"",""1279,71"",""1285,77"",""1278,87"","""",""0,0001"""
"""43615"",""1288,85"",""1279,71"",""1289,22"",""1274,79"","""",""0,0072"""
"""43616"",""1305,65"",""1288,35"",""1307,04"",""1288,09"","""",""0,013"""
"""43619"",""1325,17"",""1307,55"",""1328,3"",""1306,7"","""",""0,015"""
"""43620"",""1325,28"",""1325,05"",""1329,38"",""1319,98"","""",""0,0001"""
"""43621"",""1330,18"",""1325,5"",""1344,26"",""1324,6"","""",""0,0037"""
"""43622"",""1335,55"",""1332,36"",""1340,43"",""1327,8"","""",""0,004"""
"""43623"",""1340,7"",""1335,6"",""1348,48"",""1330,08"","""",""0,0039"""
"""43626"",""1328,13"",""1335,96"",""1337,84"",""1324,9"","""",""-0,0094"""
"""43627"",""1326,91"",""1328,26"",""1330,06"",""1319,6"","""",""-0,0009"""
"""43628"",""1333,55"",""1326,78"",""1338,62"",""1326,18"","""",""0,005"""
"""43629"",""1342,35"",""1334"",""1343,43"",""1332,27"","""",""0,0066"""
"""43630"",""1341,58"",""1341,55"",""1358,29"",""1337,83"","""",""-0,0006"""
"""43633"",""1339,54"",""1341,91"",""1343,38"",""1332,7"","""",""-0,0015"""
"""43634"",""1346,48"",""1340,09"",""1354,6"",""1338,65"","""",""0,0052"""
"""43635"",""1360,27"",""1346,56"",""1362,5"",""1341,15"","""",""0,0102"""
"""43636"",""1388,18"",""1360,36"",""1393,24"",""1357,8"","""",""0,0205"""
"""43637"",""1399,05"",""1388,22"",""1411,18"",""1382,4"","""",""0,0078"""
"""43640"",""1419,55"",""1401,35"",""1421,3"",""1400,48"","""",""0,0147"""
"""43641"",""1423,25"",""1419,17"",""1439,03"",""1412,3"","""",""0,0026"""
"""43642"",""1408,75"",""1423,91"",""1424,06"",""1402,38"","""",""-0,0102"""
"""43643"",""1409,68"",""1409,56"",""1412"",""1400,25"","""",""0,0007"""
"""43644"",""1409,5"",""1409,56"",""1424,64"",""1406,81"","""",""-0,0001"""
"""43647"",""1384,31"",""1392,83"",""1397,56"",""1381,76"","""",""-0,0179"""
"""43648"",""1418,44"",""1383,4"",""1419,72"",""1383,4"","""",""0,0247"""
"""43649"",""1418,94"",""1419,95"",""1436,39"",""1412,48"","""",""0,0004"""
"""43650"",""1415,64"",""1419,8"",""1422"",""1410,59"","""",""-0,0023"""
"""43651"",""1399,95"",""1415,81"",""1424,36"",""1386,92"","""",""-0,0111"""
"""43654"",""1395,5"",""1399,95"",""1407,9"",""1391,75"","""",""-0,0032"""
"""43655"",""1397,9"",""1395,3"",""1399,9"",""1386,21"","""",""0,0017"""
"""43656"",""1419"",""1397,8"",""1419,2"",""1389,75"","""",""0,0151"""
"""43657"",""1404"",""1419,4"",""1426,4"",""1401,6"","""",""-0,0106"""
"""43658"",""1415,74"",""1403,85"",""1416,88"",""1403,06"","""",""0,0084"""
"""43661"",""1414,08"",""1415,9"",""1419,75"",""1407,76"","""",""-0,0012"""
"""43662"",""1406,33"",""1414,69"",""1418,43"",""1401,18"","""",""-0,0055"""
"""43663"",""1426,8"",""1406,41"",""1427"",""1399,95"","""",""0,0146"""
"""43664"",""1446,3"",""1426,9"",""1448,3"",""1414,66"","""",""0,0137"""
"""43665"",""1425,3"",""1446,38"",""1452,98"",""1420,29"","""",""-0,0145"""
"""43668"",""1425,12"",""1425,15"",""1429,83"",""1422,35"","""",""-0,0001"""
"""43669"",""1417,39"",""1425,15"",""1429,25"",""1414,2"","""",""-0,0054"""
"""43670"",""1425,9"",""1417,26"",""1429,3"",""1416,2"","""",""0,006"""
"""43671"",""1414,53"",""1426,6"",""1433,86"",""1411,17"","""",""-0,008"""
"""43672"",""1418,69"",""1414,59"",""1424,8"",""1413,77"","""",""0,0029"""
"""43675"",""1426,94"",""1419,04"",""1428,25"",""1416,86"","""",""0,0058"""
"""43676"",""1430,85"",""1426,71"",""1433,03"",""1421,91"","""",""0,0027"""
"""43677"",""1413,8"",""1430,91"",""1432,94"",""1411,35"","""",""-0,0119"""
"""43678"",""1445,31"",""1411,21"",""1445,81"",""1400,56"","""",""0,0223"""
"""43679"",""1440,7"",""1445,66"",""1448,05"",""1430,08"","""",""-0,0032"""
"""43682"",""1463,8"",""1440,6"",""1469,8"",""1436,9"","""",""0,016"""
"""43683"",""1474,27"",""1464,2"",""1475,21"",""1456,65"","""",""0,0072"""
"""43684"",""1501,2"",""1474,25"",""1510,4"",""1472,36"","""",""0,0183"""
"""43685"",""1500,95"",""1501,95"",""1510,35"",""1490,74"","""",""-0,0002"""
"""43686"",""1497,24"",""1501,4"",""1508,4"",""1494,62"","""",""-0,0025"""
"""43689"",""1511,4"",""1497,51"",""1517,71"",""1487,68"","""",""0,0095"""
"""43690"",""1501,39"",""1510,61"",""1534,56"",""1481,31"","""",""-0,0066"""
"""43691"",""1516,34"",""1501,38"",""1524,1"",""1494,25"","""",""0,01"""
"""43692"",""1523,2"",""1516,74"",""1526,76"",""1508,25"","""",""0,0045"""
"""43693"",""1514,15"",""1524"",""1527,8"",""1504,2"","""",""-0,0059"""
"""43696"",""1495,3"",""1511"",""1512,9"",""1492,4"","""",""-0,0124"""
"""43697"",""1507,1"",""1495,55"",""1508,39"",""1492,75"","""",""0,0079"""
"""43698"",""1502,3"",""1507,7"",""1508,4"",""1496,1"","""",""-0,0032"""
"""43699"",""1498,8"",""1502,1"",""1504,6"",""1491,7"","""",""-0,0023"""
"""43700"",""1526,85"",""1499,55"",""1530,43"",""1493,45"","""",""0,0187"""
"""43703"",""1526,35"",""1539,25"",""1554,91"",""1524,55"","""",""-0,0003"""
"""43704"",""1542,64"",""1526,25"",""1544,63"",""1524,75"","""",""0,0107"""
"""43705"",""1539,1"",""1541,69"",""1547,1"",""1531,5"","""",""-0,0023"""
"""43706"",""1527,7"",""1539,2"",""1550,7"",""1519,4"","""",""-0,0074"""
"""43707"",""1520,25"",""1527,6"",""1533,4"",""1517,51"","""",""-0,0049"""
"""43710"",""1530,59"",""1520,05"",""1533,77"",""1519,05"","""",""0,0068"""
"""43711"",""1547"",""1529,6"",""1549,8"",""1521,4"","""",""0,0107"""
"""43712"",""1552,6"",""1547,05"",""1557,25"",""1533,68"","""",""0,0036"""
"""43713"",""1519,35"",""1552,45"",""1553,25"",""1509,28"","""",""-0,0214"""
"""43714"",""1506,95"",""1519,25"",""1527,7"",""1502,75"","""",""-0,0082"""
"""43717"",""1498,95"",""1507,1"",""1515,5"",""1497,6"","""",""-0,0053"""
"""43718"",""1486,4"",""1499,6"",""1501,9"",""1484,8"","""",""-0,0084"""
"""43719"",""1497,6"",""1486,45"",""1498,41"",""1484,9"","""",""0,0075"""
"""43720"",""1498,95"",""1497,45"",""1523,86"",""1488,65"","""",""0,0009"""
"""43721"",""1488,7"",""1498,45"",""1509,06"",""1485,51"","""",""-0,0068"""
"""43724"",""1498,8"",""1503,59"",""1512,81"",""1496,2"","""",""0,0068"""
"""43725"",""1503,1"",""1499,45"",""1507,9"",""1493,9"","""",""0,0029"""
"""43726"",""1493,9"",""1501,4"",""1511,25"",""1484,41"","""",""-0,0061"""
"""43727"",""1499,2"",""1493,6"",""1504,2"",""1488,8"","""",""0,0035"""
"""43728"",""1517,15"",""1499,6"",""1517,21"",""1498"","""",""0,012"""
"""43731"",""1522,12"",""1516,65"",""1527,05"",""1511,35"","""",""0,0033"""
"""43732"",""1532,3"",""1522,5"",""1536,1"",""1515,95"","""",""0,0067"""
"""43733"",""1504,15"",""1531,6"",""1535,4"",""1501,41"","""",""-0,0184"""
"""43734"",""1505,8"",""1503,89"",""1512,6"",""1501,74"","""",""0,0011"""
"""43735"",""1496,94"",""1506,18"",""1507,79"",""1486,98"","""",""-0,0059"""
"""43738"",""1472,25"",""1497,08"",""1500,5"",""1464,24"","""",""-0,0165"""
"""43739"",""1478,98"",""1472,3"",""1487,42"",""1458,9"","""",""0,0046"""
"""43740"",""1499,51"",""1479,19"",""1504,98"",""1474,25"","""",""0,0139"""
"""43741"",""1505"",""1499,55"",""1518,75"",""1495,85"","""",""0,0037"""
"""43742"",""1504,6"",""1505,19"",""1510,94"",""1497,01"","""",""-0,0003"""
"""43745"",""1493,6"",""1504,76"",""1509,47"",""1489,94"","""",""-0,0073"""
"""43746"",""1505,51"",""1493,4"",""1508,56"",""1487,49"","""",""0,008"""
"""43747"",""1505,7"",""1506,06"",""1511,6"",""1499,7"","""",""0,0001"""
"""43748"",""1494,3"",""1505,6"",""1517,07"",""1491,4"","""",""-0,0076"""
"""43749"",""1489,85"",""1494,46"",""1503,49"",""1474,3"","""",""-0,003"""
"""43752"",""1492,9"",""1488,6"",""1497,1"",""1482,6"","""",""0,002"""
"""43753"",""1481,17"",""1493,25"",""1497,99"",""1477,46"","""",""-0,0079"""
"""43754"",""1489,77"",""1481,28"",""1491,6"",""1477,05"","""",""0,0058"""
"""43755"",""1491,89"",""1490,4"",""1497,43"",""1483,35"","""",""0,0014"""
"""43756"",""1490,1"",""1492,32"",""1494,33"",""1484,8"","""",""-0,0012"""
"""43759"",""1484,5"",""1492,02"",""1495,31"",""1481,75"","""",""-0,0038"""
"""43760"",""1488,05"",""1484,66"",""1489,17"",""1480,84"","""",""0,0024"""
"""43761"",""1492,1"",""1488,2"",""1496,24"",""1487,49"","""",""0,0027"""
"""43762"",""1503,65"",""1492,3"",""1504,21"",""1488,02"","""",""0,0077"""
"""43763"",""1504,73"",""1504,75"",""1518,1"",""1500,55"","""",""0,0007"""
"""43766"",""1492,69"",""1504,21"",""1508,36"",""1489,65"","""",""-0,008"""
"""43767"",""1487,6"",""1492,64"",""1495"",""1483,71"","""",""-0,0034"""
"""43768"",""1495,4"",""1487,6"",""1496,8"",""1481,02"","""",""0,0052"""
"""43769"",""1513,36"",""1496,39"",""1514,39"",""1493,64"","""",""0,012"""
"""43770"",""1513,95"",""1513,53"",""1515,81"",""1503,3"","""",""0,0004"""
"""43773"",""1509,63"",""1513,8"",""1514,93"",""1504,46"","""",""-0,0029"""
"""43774"",""1484,1"",""1509,64"",""1509,9"",""1479,35"","""",""-0,0169"""
"""43775"",""1490,46"",""1484,1"",""1494,3"",""1482,21"","""",""0,0043"""
"""43776"",""1468,07"",""1490,29"",""1492,32"",""1461"","""",""-0,015"""
"""43777"",""1458,66"",""1468,01"",""1473,25"",""1456,05"","""",""-0,0064"""
"""43780"",""1455,9"",""1458,96"",""1466,59"",""1448,14"","""",""-0,0019"""
"""43781"",""1457,19"",""1455,79"",""1460,32"",""1445,43"","""",""0,0009"""
"""43782"",""1463,19"",""1457,19"",""1467,14"",""1455,9"","""",""0,0041"""
"""43783"",""1471,2"",""1463,18"",""1474,48"",""1460,76"","""",""0,0055"""
"""43784"",""1467,37"",""1471,2"",""1471,43"",""1462,05"","""",""-0,0026"""
"""43787"",""1470,85"",""1467,51"",""1474,1"",""1455,97"","""",""0,0024"""
"""43788"",""1472,38"",""1470,85"",""1475,5"",""1464,3"","""",""0,001"""
"""43789"",""1471,25"",""1472,39"",""1478,9"",""1465,66"","""",""-0,0008"""
"""43790"",""1464,4"",""1471,4"",""1475,85"",""1462,43"","""",""-0,0047"""
"""43791"",""1462,29"",""1464,4"",""1473,15"",""1461"","""",""-0,0014"""
"""43794"",""1454,97"",""1462,14"",""1462,14"",""1453,5"","""",""-0,005"""
"""43795"",""1461,6"",""1455,28"",""1463,06"",""1450,7"","""",""0,0046"""
"""43796"",""1454,35"",""1461,35"",""1461,82"",""1452,2"","""",""-0,005"""
"""43797"",""1458,34"",""1456,85"",""1458,45"",""1454,19"","""",""0,0027"""
"""43798"",""1464,8"",""1456,7"",""1467,21"",""1453,38"","""",""0,0044"""
"""43801"",""1462,44"",""1466,73"",""1466,73"",""1453,7"","""",""-0,0016"""
"""43802"",""1477,34"",""1462,5"",""1481,9"",""1458,87"","""",""0,0102"""
"""43803"",""1474,35"",""1477,21"",""1484,25"",""1471,21"","""",""-0,002"""
"""43804"",""1475,7"",""1474,06"",""1480,5"",""1472,6"","""",""0,0009"""
"""43805"",""1459,76"",""1475,85"",""1477,15"",""1458,42"","""",""-0,0108"""
"""43808"",""1461,99"",""1459,19"",""1465,5"",""1458,55"","""",""0,0015"""
"""43809"",""1464,21"",""1462,08"",""1469,24"",""1459,55"","""",""0,0015"""
"""43810"",""1474,85"",""1464,04"",""1478,9"",""1462,14"","""",""0,0073"""
"""43811"",""1469,43"",""1474,85"",""1486,9"",""1464,45"","""",""-0,0037"""
"""43812"",""1475,81"",""1469,62"",""1478"",""1462,41"","""",""0,0043"""
"""43815"",""1476,25"",""1475,45"",""1479,86"",""1472,8"","""",""0,0003"""
"""43816"",""1476,45"",""1476,25"",""1480,61"",""1474,06"","""",""0,0001"""
"""43817"",""1475,44"",""1476,45"",""1479,39"",""1470,1"","""",""-0,0007"""
"""43818"",""1479,15"",""1475,29"",""1481,9"",""1472,6"","""",""0,0025"""
"""43819"",""1478,2"",""1479,29"",""1481,06"",""1475,5"","""",""-0,0006"""
"""43822"",""1485,52"",""1478,2"",""1486,16"",""1477,5"","""",""0,005"""
"""43823"",""1499,56"",""1486,07"",""1501,08"",""1484,96"","""",""0,0095"""
"""43824"",""1499,55"",""1499,55"",""1499,55"",""1499,55"","""",""0"""
"""43825"",""1511,55"",""1499,41"",""1512,55"",""1497,45"","""",""0,008"""
"""43826"",""1510,67"",""1511,55"",""1515,34"",""1506,73"","""",""-0,0006"""
"""43829"",""1515,22"",""1511,49"",""1516,3"",""1509,96"","""",""0,003"""
"""43830"",""1517,39"",""1515,51"",""1525,59"",""1514,79"","""",""0,0014"""
"""43831"",""1517,3"",""1517,26"",""1517,48"",""1517,2"","""",""-0,0001"""
"""43832"",""1528,94"",""1517,13"",""1531,3"",""1517,09"","""",""0,0077"""
"""43833"",""1551,65"",""1529,11"",""1553,45"",""1527,95"","""",""0,0149"""
"""43836"",""1565,96"",""1560,59"",""1582,69"",""1560,59"","""",""0,0092"""
"""43837"",""1573,99"",""1565,93"",""1577,38"",""1555,1"","""",""0,0051"""
"""43838"",""1555,81"",""1573,99"",""1611"",""1551,97"","""",""-0,0116"""
"""43839"",""1552,37"",""1555,76"",""1561,33"",""1539,88"","""",""-0,0022"""
"""43840"",""1562,28"",""1552,26"",""1563,19"",""1545,32"","""",""0,0064"""
"""43843"",""1548,3"",""1562,29"",""1562,3"",""1546,52"","""",""-0,0089"""
"""43844"",""1546,37"",""1548,31"",""1548,8"",""1535,88"","""",""-0,0012"""
"""43845"",""1556,19"",""1546,26"",""1558,23"",""1546,01"","""",""0,0064"""
"""43846"",""1552,79"",""1556,17"",""1558,14"",""1547,85"","""",""-0,0022"""
"""43847"",""1556,61"",""1552,9"",""1561,3"",""1549,26"","""",""0,0025"""
"""43850"",""1561,58"",""1558,56"",""1562,81"",""1556,35"","""",""0,0032"""
"""43851"",""1558,02"",""1560,85"",""1568,65"",""1546,25"","""",""-0,0023"""
"""43852"",""1558,91"",""1558,03"",""1559,35"",""1549,81"","""",""0,0006"""
"""43853"",""1563,33"",""1558,93"",""1567,94"",""1551,29"","""",""0,0028"""
"""43854"",""1570,65"",""1563,29"",""1575,76"",""1556,16"","""",""0,0047"""
"""43857"",""1581,95"",""1579,99"",""1586,72"",""1575,59"","""",""0,0072"""
"""43858"",""1566,24"",""1582,05"",""1583,17"",""1565,64"","""",""-0,0099"""
"""43859"",""1577,12"",""1566,21"",""1577,96"",""1563,1"","""",""0,0069"""
"""43860"",""1574,22"",""1576,98"",""1585,97"",""1572,49"","""",""-0,0018"""
"""43861"",""1590,2"",""1574,27"",""1590,2"",""1570,84"","""",""0,0102"""
"""43864"",""1576,45"",""1589,85"",""1591,86"",""1571,26"","""",""-0,0086"""
"""43865"",""1552,55"",""1576,3"",""1579,54"",""1548,99"","""",""-0,0152"""
"""43866"",""1556,7"",""1552,57"",""1562,31"",""1547,2"","""",""0,0027"""
"""43867"",""1566,85"",""1556,88"",""1568,29"",""1552,24"","""",""0,0065"""
"""43868"",""1570,29"",""1566,96"",""1574,05"",""1562,38"","""",""0,0022"""
"""43871"",""1572,3"",""1569,94"",""1577,16"",""1568,01"","""",""0,0013"""
"""43872"",""1567,72"",""1572,01"",""1573,96"",""1562,18"","""",""-0,0029"""
"""43873"",""1565,63"",""1567,73"",""1570,48"",""1561,46"","""",""-0,0013"""
"""43874"",""1576,39"",""1565,62"",""1578,11"",""1565,43"","""",""0,0069"""
"""43875"",""1584,7"",""1576,29"",""1585,04"",""1573,15"","""",""0,0053"""
"""43878"",""1581,1"",""1584,75"",""1584,86"",""1578,4"","""",""-0,0023"""
"""43879"",""1601,91"",""1583,31"",""1605,35"",""1582,96"","""",""0,0132"""
"""43880"",""1611,64"",""1601,8"",""1612,91"",""1599,49"","""",""0,0061"""
"""43881"",""1619,7"",""1611,71"",""1623,74"",""1603,89"","""",""0,005"""
"""43882"",""1643,7"",""1619,79"",""1649,14"",""1618,99"","""",""0,0148"""
"""43885"",""1660,72"",""1658,96"",""1688,96"",""1652,3"","""",""0,0104"""
"""43886"",""1635,38"",""1660,72"",""1660,85"",""1629,01"","""",""-0,0153"""
"""43887"",""1639,96"",""1635,46"",""1655,07"",""1625,72"","""",""0,0028"""
"""43888"",""1642,35"",""1640,56"",""1660,44"",""1635,66"","""",""0,0015"""
"""43889"",""1585,12"",""1642,14"",""1649,49"",""1565,86"","""",""-0,0348"""
"""43892"",""1590,73"",""1590,99"",""1610,78"",""1579,54"","""",""0,0035"""
"""43893"",""1639,77"",""1590,78"",""1649,5"",""1587,79"","""",""0,0308"""
"""43894"",""1635,83"",""1639,85"",""1651,68"",""1631,99"","""",""-0,0024"""
"""43895"",""1670,61"",""1635,83"",""1674,66"",""1634,92"","""",""0,0213"""
"""43896"",""1674,23"",""1670,66"",""1692,11"",""1647,98"","""",""0,0022"""
"""43899"",""1680,2"",""1694,6"",""1703,16"",""1657,96"","""",""0,0036"""
"""43900"",""1649,36"",""1678,9"",""1680,36"",""1642,11"","""",""-0,0184"""
"""43901"",""1635,03"",""1649,69"",""1670,97"",""1632,9"","""",""-0,0087"""
"""43902"",""1577,09"",""1634,69"",""1650,13"",""1560,96"","""",""-0,0354"""
"""43903"",""1529,7"",""1576,83"",""1597,72"",""1506,73"","""",""-0,03"""
"""43906"",""1514,61"",""1550,59"",""1573,49"",""1451,68"","""",""-0,0099"""
"""43907"",""1528,58"",""1512,05"",""1553,11"",""1465,6"","""",""0,0092"""
"""43908"",""1486,3"",""1527,3"",""1546,05"",""1472,6"","""",""-0,0277"""
"""43909"",""1471"",""1486,1"",""1501,61"",""1464,75"","""",""-0,0103"""
"""43910"",""1498,24"",""1470,39"",""1516,43"",""1460,49"","""",""0,0185"""
"""43913"",""1553,81"",""1508,25"",""1561,76"",""1485,4"","""",""0,0371"""
"""43914"",""1622,03"",""1565,36"",""1644,35"",""1564,77"","""",""0,0439"""
"""43915"",""1613,79"",""1618,79"",""1636,29"",""1584,18"","""",""-0,0051"""
"""43916"",""1632,38"",""1620,16"",""1645,8"",""1595,81"","""",""0,0115"""
"""43917"",""1623,5"",""1634,99"",""1640,76"",""1614,75"","""",""-0,0054"""
"""43920"",""1623,3"",""1617,38"",""1635,59"",""1607,63"","""",""-0,0001"""
"""43921"",""1571,31"",""1612,25"",""1623,52"",""1562,25"","""",""-0,032"""
"""43922"",""1595,05"",""1569,45"",""1604,12"",""1568,91"","""",""0,0151"""
"""43923"",""1613,79"",""1590,75"",""1621,27"",""1576,43"","""",""0,0117"""
"""43924"",""1618,45"",""1609,99"",""1627,04"",""1607"","""",""0,0029"""
"""43927"",""1663"",""1596,8"",""1669,76"",""1596,8"","""",""0,0275"""
"""43928"",""1648,95"",""1662,38"",""1671,88"",""1641,06"","""",""-0,0084"""
"""43929"",""1646,52"",""1645,94"",""1657,06"",""1641,15"","""",""-0,0015"""
"""43930"",""1684,07"",""1644,28"",""1690,29"",""1642,34"","""",""0,0228"""
"""43931"",""1689,9"",""1675"",""1696,5"",""1675"","""",""0,0035"""
"""43934"",""1714,32"",""1682,25"",""1722,36"",""1672,95"","""",""0,0145"""
"""43935"",""1729,7"",""1714,09"",""1748,5"",""1709,1"","""",""0,009"""
"""43936"",""1716,6"",""1729,43"",""1731,43"",""1706,99"","""",""-0,0076"""
"""43937"",""1718,4"",""1716,29"",""1738,74"",""1706,92"","""",""0,001"""
"""43938"",""1684,69"",""1713,49"",""1718,69"",""1678,52"","""",""-0,0196"""
"""43941"",""1694,12"",""1691,44"",""1703,02"",""1671,74"","""",""0,0056"""
"""43942"",""1687,02"",""1694,22"",""1698,48"",""1660,99"","""",""-0,0042"""
"""43943"",""1714,82"",""1686,47"",""1719,66"",""1680,05"","""",""0,0165"""
"""43944"",""1731,59"",""1713"",""1738,84"",""1704,05"","""",""0,0098"""
"""43945"",""1729,43"",""1733,32"",""1737,89"",""1710,63"","""",""-0,0012"""
"""43948"",""1715,57"",""1724,86"",""1727,82"",""1705,82"","""",""-0,008"""
"""43949"",""1708,63"",""1716,19"",""1716,19"",""1691,8"","""",""-0,004"""
"""43950"",""1712,38"",""1708,72"",""1717,52"",""1697,72"","""",""0,0022"""
"""43951"",""1685,05"",""1715,22"",""1726,14"",""1684,16"","""",""-0,016"""
"""43952"",""1700,41"",""1685,24"",""1706,21"",""1669,82"","""",""0,0091"""
"""43955"",""1701,69"",""1697,26"",""1712"",""1690,96"","""",""0,0008"""
"""43956"",""1707,17"",""1701,78"",""1712,6"",""1691,13"","""",""0,0032"""
"""43957"",""1685,88"",""1705,77"",""1707,85"",""1681,34"","""",""-0,0125"""
"""43958"",""1717,94"",""1686,08"",""1722,02"",""1681,96"","""",""0,019"""
"""43959"",""1702,65"",""1717,46"",""1724,56"",""1701,61"","""",""-0,0089"""
"""43962"",""1697,35"",""1703,76"",""1713,67"",""1691,56"","""",""-0,0031"""
"""43963"",""1702,72"",""1696,25"",""1711,04"",""1692,28"","""",""0,0032"""
"""43964"",""1715,99"",""1701,21"",""1718,33"",""1697,92"","""",""0,0078"""
"""43965"",""1730,65"",""1715,01"",""1737,34"",""1710,39"","""",""0,0085"""
"""43966"",""1743"",""1731,13"",""1753,25"",""1728,52"","""",""0,0071"""
"""43969"",""1732,32"",""1742,93"",""1764,81"",""1726,26"","""",""-0,0061"""
"""43970"",""1745,11"",""1733,37"",""1748,77"",""1725,83"","""",""0,0074"""
"""43971"",""1749,5"",""1744,44"",""1754,08"",""1740,91"","""",""0,0025"""
"""43972"",""1726,34"",""1750,18"",""1750,64"",""1717,56"","""",""-0,0132"""
"""43973"",""1736,07"",""1725,26"",""1741,51"",""1724,29"","""",""0,0056"""
"""43976"",""1729,57"",""1734,73"",""1735,57"",""1720,47"","""",""-0,0037"""
"""43977"",""1712,45"",""1729,65"",""1736,29"",""1708,31"","""",""-0,0099"""
"""43978"",""1709,25"",""1712,03"",""1715,77"",""1693,6"","""",""-0,0019"""
"""43979"",""1719,4"",""1709,68"",""1727,69"",""1707,19"","""",""0,0059"""
"""43980"",""1728,3"",""1721,7"",""1738,99"",""1713,79"","""",""0,0052"""
"""43983"",""1740,34"",""1736,42"",""1744,52"",""1727,03"","""",""0,007"""
"""43984"",""1727,97"",""1740,93"",""1745,54"",""1721,52"","""",""-0,0071"""
"""43985"",""1698,63"",""1728,97"",""1732,92"",""1690,01"","""",""-0,017"""
"""43986"",""1711,84"",""1699,11"",""1722,22"",""1697,4"","""",""0,0078"""
"""43987"",""1685,83"",""1711,2"",""1716,39"",""1670,75"","""",""-0,0152"""
"""43990"",""1695,47"",""1684,16"",""1701,27"",""1677,61"","""",""0,0057"""
"""43991"",""1714,57"",""1700,25"",""1720,75"",""1691,92"","""",""0,0113"""
"""43992"",""1737,1"",""1714,33"",""1740,29"",""1708,83"","""",""0,0131"""
"""43993"",""1727,51"",""1737,11"",""1744,72"",""1721,34"","""",""-0,0055"""
"""43994"",""1730,8"",""1728,32"",""1743,59"",""1723,12"","""",""0,0019"""
"""43997"",""1725,53"",""1732,35"",""1734,78"",""1704,76"","""",""-0,003"""
"""43998"",""1727,46"",""1725,79"",""1733,06"",""1715,93"","""",""0,0011"""
"""43999"",""1727,04"",""1727,34"",""1730,62"",""1713,37"","""",""-0,0002"""
"""44000"",""1722,99"",""1725,57"",""1736,87"",""1717,28"","""",""-0,0023"""
"""44001"",""1743,62"",""1723,16"",""1745,68"",""1721,36"","""",""0,012"""
"""44004"",""1755,44"",""1749"",""1763,82"",""1743,78"","""",""0,0068"""
"""44005"",""1767,54"",""1756,03"",""1771,69"",""1747,9"","""",""0,0069"""
"""44006"",""1762,43"",""1769,09"",""1780,06"",""1761,09"","""",""-0,0029"""
"""44007"",""1761,82"",""1759,76"",""1768,84"",""1755,23"","""",""-0,0003"""
"""44008"",""1771,47"",""1762,35"",""1772,36"",""1748,04"","""",""0,0055"""
"""44011"",""1772,28"",""1773,27"",""1775,86"",""1766,07"","""",""0,0005"""
"""44012"",""1781,66"",""1771,77"",""1786,46"",""1765,77"","""",""0,0053"""
"""44013"",""1770,32"",""1780,91"",""1789,27"",""1759,02"","""",""-0,0064"""
"""44014"",""1776,13"",""1769,6"",""1780,21"",""1757,85"","""",""0,0033"""
"""44015"",""1775,05"",""1774,03"",""1777,01"",""1772,03"","""",""-0,0006"""
"""44018"",""1783,9"",""1776,24"",""1786,98"",""1770,09"","""",""0,005"""
"""44019"",""1795,26"",""1784,57"",""1797,93"",""1774,37"","""",""0,0064"""
"""44020"",""1810,78"",""1794,93"",""1818,37"",""1791,82"","""",""0,0086"""
"""44021"",""1803,19"",""1810,68"",""1815,99"",""1795,76"","""",""-0,0042"""
"""44022"",""1798,89"",""1801,71"",""1810,94"",""1794,47"","""",""-0,0024"""
"""44025"",""1803,39"",""1798,69"",""1813,65"",""1797,94"","""",""0,0025"""
"""44026"",""1807,78"",""1802,77"",""1810,94"",""1791,02"","""",""0,0024"""
"""44027"",""1811,9"",""1808,14"",""1815"",""1802,91"","""",""0,0023"""
"""44028"",""1797,05"",""1811,72"",""1813,41"",""1795,1"","""",""-0,0082"""
"""44029"",""1809,9"",""1797,3"",""1812,59"",""1795,11"","""",""0,0072"""
"""44032"",""1816,09"",""1809,28"",""1820,76"",""1805,7"","""",""0,0034"""
"""44033"",""1842,22"",""1815,53"",""1843,75"",""1815,44"","""",""0,0144"""
"""44034"",""1872,07"",""1841,89"",""1872,41"",""1840,25"","""",""0,0162"""
"""44035"",""1887,44"",""1871,97"",""1898,49"",""1862,38"","""",""0,0082"""
"""44036"",""1901,46"",""1886,83"",""1906,47"",""1881,58"","""",""0,0074"""
"""44039"",""1942,42"",""1899,29"",""1945,71"",""1899,29"","""",""0,0215"""
"""44040"",""1959,5"",""1942,22"",""1981,14"",""1907,69"","""",""0,0088"""
"""44041"",""1970,73"",""1959,71"",""1980,67"",""1944,96"","""",""0,0057"""
"""44042"",""1960,5"",""1970,89"",""1972,25"",""1940,17"","""",""-0,0052"""
"""44043"",""1975,89"",""1960,96"",""1981,11"",""1955,99"","""",""0,0079"""
"""44046"",""1977,25"",""1980,43"",""1985,22"",""1960,15"","""",""0,0007"""
"""44047"",""2018,52"",""1976,45"",""2019,96"",""1968,38"","""",""0,0209"""
"""44048"",""2040,4"",""2018,98"",""2056,1"",""2010,33"","""",""0,0108"""
"""44049"",""2063,81"",""2040,03"",""2069,84"",""2034,83"","""",""0,0115"""
"""44050"",""2035,03"",""2064,52"",""2072,9"",""2015,48"","""",""-0,0139"""
"""44053"",""2027,77"",""2033,71"",""2050,1"",""2019,42"","""",""-0,0036"""
"""44054"",""1911,64"",""2027,11"",""2031,59"",""1901,57"","""",""-0,0573"""
"""44055"",""1918,07"",""1911,26"",""1949,26"",""1863,92"","""",""0,0034"""
"""44056"",""1954"",""1920,87"",""1966,83"",""1913,42"","""",""0,0187"""
"""44057"",""1944,29"",""1953,98"",""1962,62"",""1932,46"","""",""-0,005"""
"""44060"",""1986,2"",""1946,22"",""1990,91"",""1929,74"","""",""0,0216"""
"""44061"",""2001,2"",""1985,47"",""2015,23"",""1977,56"","""",""0,0076"""
"""44062"",""1929,82"",""2001,22"",""2006,51"",""1924,63"","""",""-0,0357"""
"""44063"",""1943,6"",""1929,28"",""1955,99"",""1925,47"","""",""0,0071"""
"""44064"",""1940,16"",""1946,96"",""1956,37"",""1911,76"","""",""-0,0018"""
"""44067"",""1933,09"",""1938,63"",""1962,04"",""1924,28"","""",""-0,0036"""
"""44068"",""1928,19"",""1932,66"",""1937,55"",""1914,31"","""",""-0,0025"""
"""44069"",""1954,03"",""1928,66"",""1955,15"",""1902,81"","""",""0,0134"""
"""44070"",""1929,2"",""1953,35"",""1976,32"",""1909,96"","""",""-0,0127"""
"""44071"",""1964,89"",""1929,44"",""1973,81"",""1923,71"","""",""0,0185"""
"""44074"",""1970,15"",""1965,39"",""1976,53"",""1954,55"","""",""0,0027"""
"""44075"",""1970,49"",""1967,58"",""1992,26"",""1963,22"","""",""0,0002"""
"""44076"",""1942,98"",""1969,71"",""1974,41"",""1932,75"","""",""-0,014"""
"""44077"",""1930,85"",""1943"",""1951,15"",""1921,95"","""",""-0,0062"""
"""44078"",""1932,85"",""1931,51"",""1942,25"",""1916,64"","""",""0,001"""
"""44081"",""1929,18"",""1930,35"",""1941,45"",""1924,43"","""",""-0,0019"""
"""44082"",""1931,26"",""1929,14"",""1940,8"",""1906,57"","""",""0,0011"""
"""44083"",""1946,66"",""1932,26"",""1950,95"",""1920,2"","""",""0,008"""
"""44084"",""1954,07"",""1946,06"",""1966,5"",""1941,42"","""",""0,0038"""
"""44085"",""1941,5"",""1955,2"",""1957,95"",""1937,42"","""",""-0,0064"""
"""44088"",""1956,37"",""1941,05"",""1962,52"",""1937,46"","""",""0,0077"""
"""44089"",""1955,52"",""1957,31"",""1972,35"",""1948,64"","""",""-0,0004"""
"""44090"",""1959,32"",""1956,19"",""1973,63"",""1949,89"","""",""0,0019"""
"""44091"",""1942,6"",""1959,99"",""1963,48"",""1932,99"","""",""-0,0085"""
"""44092"",""1949,69"",""1943,87"",""1960,2"",""1941,79"","""",""0,0037"""
"""44095"",""1912,57"",""1949,55"",""1955,75"",""1883,21"","""",""-0,019"""
"""44096"",""1899,28"",""1912,8"",""1919,99"",""1894,93"","""",""-0,0069"""
"""44097"",""1863,55"",""1900,2"",""1905,56"",""1855,77"","""",""-0,0188"""
"""44098"",""1868,04"",""1863,42"",""1877,3"",""1848,45"","""",""0,0024"""
"""44099"",""1860,05"",""1868,61"",""1875,28"",""1852,59"","""",""-0,0043"""
"""44102"",""1880,85"",""1859"",""1883,39"",""1849,19"","""",""0,0112"""
"""44103"",""1897,69"",""1881,4"",""1899,24"",""1875,56"","""",""0,009"""
"""44104"",""1885,44"",""1897,81"",""1902,39"",""1881,31"","""",""-0,0065"""
"""44105"",""1905,05"",""1885,8"",""1912,09"",""1884,48"","""",""0,0104"""
"""44106"",""1898,7"",""1905,65"",""1917,28"",""1889,57"","""",""-0,0033"""
"""44109"",""1912,9"",""1902,24"",""1918,74"",""1886,81"","""",""0,0075"""
"""44110"",""1877,13"",""1913,28"",""1921,1"",""1874,57"","""",""-0,0187"""
"""44111"",""1887,22"",""1878,84"",""1898,31"",""1873,05"","""",""0,0054"""
"""44112"",""1893,09"",""1887,4"",""1900,73"",""1881,86"","""",""0,0031"""
"""44113"",""1929,43"",""1894,19"",""1930,83"",""1893,32"","""",""0,0192"""
"""44116"",""1921,95"",""1930,5"",""1933,45"",""1918,19"","""",""-0,0039"""
"""44117"",""1890,82"",""1922,42"",""1925,73"",""1886,59"","""",""-0,0162"""
"""44118"",""1900,89"",""1891,9"",""1913,03"",""1882,44"","""",""0,0053"""
"""44119"",""1907,82"",""1900,31"",""1909,22"",""1889,46"","""",""0,0036"""
"""44120"",""1898,97"",""1907,95"",""1914,06"",""1897,59"","""",""-0,0046"""
"""44123"",""1904,27"",""1899,94"",""1918,59"",""1897,09"","""",""0,0028"""
"""44124"",""1906,39"",""1904,24"",""1914,2"",""1894,74"","""",""0,0011"""
"""44125"",""1924,49"",""1908,65"",""1931,41"",""1907,94"","""",""0,0095"""
"""44126"",""1904,04"",""1924,34"",""1926"",""1894,8"","""",""-0,0106"""
"""44127"",""1900,79"",""1904,24"",""1914,3"",""1894,54"","""",""-0,0017"""
"""44130"",""1901,69"",""1902,34"",""1908,55"",""1890,9"","""",""0,0005"""
"""44131"",""1906,83"",""1902,19"",""1911,34"",""1897,47"","""",""0,0027"""
"""44132"",""1877,06"",""1908,05"",""1911,03"",""1869,59"","""",""-0,0156"""
"""44133"",""1867,13"",""1876,94"",""1885,42"",""1859,67"","""",""-0,0053"""
"""44134"",""1877,95"",""1868,24"",""1889,85"",""1864,64"","""",""0,0058"""
"""44137"",""1895,1"",""1878,59"",""1896,12"",""1873,21"","""",""0,0091"""
"""44138"",""1908,36"",""1895,8"",""1910,71"",""1886,81"","""",""0,007"""
"""44139"",""1903,21"",""1908,59"",""1916,68"",""1883,15"","""",""-0,0027"""
"""44140"",""1948,56"",""1903,65"",""1952,95"",""1902,43"","""",""0,0238"""
"""44141"",""1951,51"",""1949,24"",""1960,77"",""1935,4"","""",""0,0015"""
"""44144"",""1861,86"",""1954,65"",""1965,92"",""1850,36"","""",""-0,0459"""
"""44145"",""1876,5"",""1862,15"",""1890,6"",""1860,3"","""",""0,0079"""
"""44146"",""1864,71"",""1877,34"",""1884,93"",""1856,05"","""",""-0,0063"""
"""44147"",""1875,76"",""1865,3"",""1883,88"",""1862,46"","""",""0,0059"""
"""44148"",""1888,04"",""1876,44"",""1897,16"",""1873,76"","""",""0,0065"""
"""44151"",""1888,52"",""1888,74"",""1899,35"",""1864,74"","""",""0,0003"""
"""44152"",""1878,6"",""1889,15"",""1893,9"",""1877,69"","""",""-0,0052"""
"""44153"",""1871,41"",""1878,6"",""1884,92"",""1863,94"","""",""-0,0038"""
"""44154"",""1867,37"",""1871,44"",""1874,34"",""1852,48"","""",""-0,0022"""
"""44155"",""1870,49"",""1867,59"",""1879,98"",""1860,66"","""",""0,0017"""
"""44158"",""1835,85"",""1869,84"",""1876,72"",""1830,85"","""",""-0,0185"""
"""44159"",""1807,51"",""1836,65"",""1839,26"",""1800,69"","""",""-0,0154"""
"""44160"",""1805,3"",""1807,69"",""1817,98"",""1801,33"","""",""-0,0012"""
"""44161"",""1810,57"",""1805,74"",""1818,78"",""1805,31"","""",""0,0029"""
"""44162"",""1788,13"",""1811,09"",""1813,81"",""1773,93"","""",""-0,0124"""
"""44165"",""1777,02"",""1789,05"",""1789,99"",""1764,69"","""",""-0,0062"""
"""44166"",""1814,87"",""1777,4"",""1817,55"",""1775,52"","""",""0,0213"""
"""44167"",""1831,01"",""1815,19"",""1832,65"",""1806,99"","""",""0,0089"""
"""44168"",""1840,36"",""1831,34"",""1844,45"",""1823,6"","""",""0,0051"""
"""44169"",""1837,61"",""1841,05"",""1848,26"",""1829,3"","""",""-0,0015"""
"""44172"",""1863,69"",""1837,99"",""1868,76"",""1822,99"","""",""0,0142"""
"""44173"",""1871,36"",""1863,55"",""1875,79"",""1859,83"","""",""0,0041"""
"""44174"",""1839,11"",""1871,19"",""1871,37"",""1825,71"","""",""-0,0172"""
"""44175"",""1835,31"",""1839,59"",""1850,4"",""1828,48"","""",""-0,0021"""
"""44176"",""1839,03"",""1835,55"",""1847,89"",""1824,23"","""",""0,002"""
"""44179"",""1827,17"",""1839,3"",""1839,86"",""1819,92"","""",""-0,0064"""
"""44180"",""1853,46"",""1827,8"",""1855,76"",""1825,29"","""",""0,0144"""
"""44181"",""1864,15"",""1853,94"",""1866,2"",""1844,75"","""",""0,0058"""
"""44182"",""1885,87"",""1864,26"",""1896,26"",""1861,83"","""",""0,0117"""
"""44183"",""1880,66"",""1885,8"",""1889,88"",""1876,97"","""",""-0,0028"""
"""44186"",""1876,21"",""1883,2"",""1906,93"",""1856,69"","""",""-0,0024"""
"""44187"",""1859,56"",""1876,65"",""1884,61"",""1858,73"","""",""-0,0089"""
"""44188"",""1872,08"",""1859,99"",""1878,59"",""1858,59"","""",""0,0067"""
"""44189"",""1876,56"",""1872,74"",""1882,55"",""1869,52"","""",""0,0024"""
"""44190"",""1875,82"",""1877,07"",""1877,07"",""1877,07"","""",""-0,0004"""
"""44193"",""1871,19"",""1885,93"",""1900,53"",""1869,21"","""",""-0,0025"""
"""44194"",""1877,99"",""1872,24"",""1886,91"",""1870,99"","""",""0,0036"""
"""44195"",""1893,37"",""1878,34"",""1894,06"",""1875,66"","""",""0,0082"""
"""44196"",""1896,49"",""1893,55"",""1901,26"",""1884,77"","""",""0,0016"""
"""44197"",""1898,1"",""1897,69"",""1899,12"",""1897,39"","""",""0,0009"""
"""44200"",""1942,28"",""1906,05"",""1944,65"",""1905,36"","""",""0,0233"""
"""44201"",""1949,35"",""1942,65"",""1953,17"",""1934,08"","""",""0,0036"""
"""44202"",""1918,81"",""1950,3"",""1959,6"",""1901,11"","""",""-0,0157"""
"""44203"",""1912,5"",""1919,4"",""1927,97"",""1906,86"","""",""-0,0033"""
"""44204"",""1848,26"",""1912,9"",""1917,85"",""1828,74"","""",""-0,0336"""
"""44207"",""1844,66"",""1849,34"",""1857,05"",""1817,14"","""",""-0,0019"""
"""44208"",""1855,63"",""1845,34"",""1864,08"",""1837,41"","""",""0,0059"""
"""44209"",""1843,41"",""1856,19"",""1863,26"",""1843,34"","""",""-0,0066"""
"""44210"",""1846,37"",""1843,94"",""1857,59"",""1833,21"","""",""0,0016"""
"""44211"",""1826,59"",""1846,8"",""1856,85"",""1823,21"","""",""-0,0107"""
"""44214"",""1836,89"",""1828,94"",""1840,95"",""1810,46"","""",""0,0056"""
"""44215"",""1839,34"",""1838,09"",""1845,98"",""1833,06"","""",""0,0013"""
"""44216"",""1870,91"",""1840,05"",""1872,03"",""1832,46"","""",""0,0172"""
"""44217"",""1869,91"",""1871,07"",""1875,45"",""1858,16"","""",""-0,0005"""
"""44218"",""1852,55"",""1870,09"",""1871,17"",""1837,09"","""",""-0,0093"""
"""44221"",""1854,99"",""1855,75"",""1868,45"",""1847,3"","""",""0,0013"""
"""44222"",""1850,31"",""1855,55"",""1861,86"",""1848,36"","""",""-0,0025"""
"""44223"",""1843,99"",""1850,65"",""1853,58"",""1831,29"","""",""-0,0034"""
"""44224"",""1840,36"",""1844,34"",""1864,26"",""1833,81"","""",""-0,002"""
"""44225"",""1846,09"",""1840,9"",""1876,03"",""1839,56"","""",""0,0031"""
"""44228"",""1860,16"",""1863,05"",""1871,84"",""1849,04"","""",""0,0076"""
"""44229"",""1837,35"",""1860,84"",""1864,26"",""1829,46"","""",""-0,0123"""
"""44230"",""1833,76"",""1837,49"",""1845,29"",""1829,49"","""",""-0,002"""
"""44231"",""1792,26"",""1834,34"",""1835,13"",""1785,15"","""",""-0,0226"""
"""44232"",""1811,62"",""1792,49"",""1815,32"",""1791,8"","""",""0,0108"""
"""44235"",""1830,16"",""1815,44"",""1839,15"",""1807,48"","""",""0,0102"""
"""44236"",""1837,06"",""1830,59"",""1849,15"",""1828,63"","""",""0,0038"""
"""44237"",""1842,22"",""1837,55"",""1855,7"",""1833,91"","""",""0,0028"""
"""44238"",""1825,36"",""1842,65"",""1847,95"",""1820,63"","""",""-0,0091"""
"""44239"",""1823,46"",""1825,9"",""1830,8"",""1810,33"","""",""-0,001"""
"""44242"",""1818,51"",""1825,34"",""1827,59"",""1815,71"","""",""-0,0027"""
"""44243"",""1794,31"",""1819,34"",""1826,75"",""1789,19"","""",""-0,0133"""
"""44244"",""1776,26"",""1794,65"",""1795,45"",""1769,27"","""",""-0,0101"""
"""44245"",""1775,49"",""1776,69"",""1789,88"",""1767,98"","""",""-0,0004"""
"""44246"",""1782,31"",""1776,19"",""1791,7"",""1760,13"","""",""0,0038"""
"""44249"",""1808,66"",""1782,24"",""1812,76"",""1780,46"","""",""0,0148"""
"""44250"",""1805,06"",""1809,09"",""1816,27"",""1795,78"","""",""-0,002"""
"""44251"",""1804,36"",""1805,34"",""1813,99"",""1783,3"","""",""-0,0004"""
"""44252"",""1769,88"",""1804,8"",""1806,06"",""1765,44"","""",""-0,0191"""
"""44253"",""1733,49"",""1770,49"",""1776,1"",""1717,26"","""",""-0,0206"""
"""44256"",""1723,84"",""1733,4"",""1760,02"",""1719,52"","""",""-0,0056"""
"""44257"",""1738,09"",""1724,1"",""1738,89"",""1707,18"","""",""0,0083"""
"""44258"",""1710,95"",""1738,59"",""1740,85"",""1701,94"","""",""-0,0156"""
"""44259"",""1697,19"",""1711,84"",""1723,34"",""1690,64"","""",""-0,008"""
"""44260"",""1700,86"",""1698,59"",""1707,76"",""1687,12"","""",""0,0022"""
"""44263"",""1681,24"",""1702,8"",""1714,45"",""1676,7"","""",""-0,0115"""
"""44264"",""1715,36"",""1682,55"",""1720,83"",""1679,8"","""",""0,0203"""
"""44265"",""1726,05"",""1715,94"",""1726,76"",""1707,99"","""",""0,0062"""
"""44266"",""1721,41"",""1726,55"",""1739,99"",""1719,38"","""",""-0,0027"""
"""44267"",""1726,41"",""1721,59"",""1728,42"",""1698,85"","""",""0,0029"""
"""44270"",""1731,84"",""1727,74"",""1734,99"",""1721,31"","""",""0,0031"""
"""44271"",""1730,94"",""1730,57"",""1741,4"",""1725,8"","""",""-0,0005"""
"""44272"",""1744,44"",""1730,61"",""1751,81"",""1724,14"","""",""0,0078"""
"""44273"",""1736,41"",""1745,09"",""1755,59"",""1719,05"","""",""-0,0046"""
"""44274"",""1744,74"",""1735,9"",""1746,88"",""1728,04"","""",""0,0048"""
"""44277"",""1738,69"",""1745,74"",""1747,18"",""1727,4"","""",""-0,0035"""
"""44278"",""1727,11"",""1739,05"",""1742,85"",""1724,42"","""",""-0,0067"""
"""44279"",""1734,19"",""1727,8"",""1738,56"",""1723,85"","""",""0,0041"""
"""44280"",""1726,82"",""1735,65"",""1745,95"",""1721,84"","""",""-0,0042"""
"""44281"",""1731,97"",""1727,3"",""1737,01"",""1721,23"","""",""0,003"""
"""44284"",""1711,99"",""1732,15"",""1733,34"",""1705,58"","""",""-0,0115"""
"""44285"",""1684,8"",""1712,55"",""1714,74"",""1678,85"","""",""-0,0159"""
"""44286"",""1707,01"",""1685,59"",""1715,28"",""1677,93"","""",""0,0132"""
"""44287"",""1730,18"",""1708,09"",""1730,8"",""1705,42"","""",""0,0136"""
"""44288"",""1728,84"",""1730,47"",""1732,55"",""1728,67"","""",""-0,0008"""
"""44291"",""1728,44"",""1728,74"",""1733,75"",""1721,22"","""",""-0,0002"""
"""44292"",""1743,57"",""1728,49"",""1745,68"",""1726,82"","""",""0,0088"""
"""44293"",""1737,28"",""1742,96"",""1744,57"",""1730,13"","""",""-0,0036"""
"""44294"",""1755,94"",""1737,84"",""1759,13"",""1732,99"","""",""0,0107"""
"""44295"",""1743,1"",""1756,54"",""1757,47"",""1731,09"","""",""-0,0073"""
"""44298"",""1732,51"",""1743,8"",""1745,36"",""1727,18"","""",""-0,0061"""
"""44299"",""1743,83"",""1732,59"",""1749,23"",""1723,27"","""",""0,0065"""
"""44300"",""1736"",""1744,3"",""1749,58"",""1732,13"","""",""-0,0045"""
"""44301"",""1763,21"",""1737,1"",""1769,91"",""1734,1"","""",""0,0157"""
"""44302"",""1776,31"",""1763,84"",""1784,07"",""1759,79"","""",""0,0074"""
"""44305"",""1769,31"",""1779,5"",""1790,54"",""1765,98"","""",""-0,0039"""
"""44306"",""1777,25"",""1770,3"",""1780,77"",""1763,18"","""",""0,0045"""
"""44307"",""1793,46"",""1778,64"",""1797,98"",""1775,95"","""",""0,0091"""
"""44308"",""1783,94"",""1794,15"",""1798,29"",""1776,83"","""",""-0,0053"""
"""44309"",""1777,18"",""1784,33"",""1796,06"",""1770,05"","""",""-0,0038"""
"""44312"",""1780,19"",""1776,34"",""1783,69"",""1768,7"","""",""0,0017"""
"""44313"",""1776,69"",""1780,42"",""1785,9"",""1773,52"","""",""-0,002"""
"""44314"",""1781,32"",""1776,8"",""1782,85"",""1762,56"","""",""0,0026"""
"""44315"",""1771,24"",""1780,9"",""1790,43"",""1756,19"","""",""-0,0057"""
"""44316"",""1768,59"",""1772,9"",""1773,98"",""1763,73"","""",""-0,0015"""
"""44319"",""1792,36"",""1768,49"",""1798,22"",""1765,91"","""",""0,0134"""
"""44320"",""1778,48"",""1792,29"",""1799,38"",""1770,84"","""",""-0,0077"""
"""44321"",""1786,44"",""1778,91"",""1788,35"",""1769,95"","""",""0,0045"""
"""44322"",""1815,18"",""1787,09"",""1818,21"",""1781,67"","""",""0,0161"""
"""44323"",""1830,48"",""1815,48"",""1843,45"",""1812,9"","""",""0,0084"""
"""44326"",""1835,44"",""1833,24"",""1845,53"",""1830,09"","""",""0,0027"""
"""44327"",""1836,94"",""1834,58"",""1842,32"",""1817,68"","""",""0,0008"""
"""44328"",""1815,44"",""1837,4"",""1843,69"",""1813"","""",""-0,0117"""
"""44329"",""1826,57"",""1815,9"",""1828,81"",""1808,78"","""",""0,0061"""
"""44330"",""1842,19"",""1826,49"",""1845,55"",""1819,79"","""",""0,0086"""
"""44333"",""1866,13"",""1843,84"",""1868,8"",""1841,24"","""",""0,013"""
"""44334"",""1868,22"",""1866,59"",""1875,4"",""1862,94"","""",""0,0011"""
"""44335"",""1869,57"",""1869,59"",""1890,15"",""1851,94"","""",""0,0007"""
"""44336"",""1876,69"",""1869,74"",""1884,12"",""1863,53"","""",""0,0038"""
"""44337"",""1880,3"",""1876,84"",""1889,85"",""1870,01"","""",""0,0019"""
"""44340"",""1881,07"",""1882,34"",""1887,44"",""1875,19"","""",""0,0004"""
"""44341"",""1899,26"",""1880,69"",""1900,63"",""1872,73"","""",""0,0097"""
"""44342"",""1896,44"",""1899,49"",""1913,15"",""1890,34"","""",""-0,0015"""
"""44343"",""1896,08"",""1896,49"",""1903,87"",""1888,22"","""",""-0,0002"""
"""44344"",""1902,64"",""1897,05"",""1905,9"",""1881,84"","""",""0,0035"""
"""44347"",""1906,36"",""1903,69"",""1911,13"",""1901,56"","""",""0,002"""
"""44348"",""1900,19"",""1907,53"",""1916,84"",""1892,28"","""",""-0,0032"""
"""44349"",""1907,94"",""1900,05"",""1909,34"",""1894,05"","""",""0,0041"""
"""44350"",""1870,57"",""1908,09"",""1909,89"",""1865,11"","""",""-0,0196"""
"""44351"",""1889,97"",""1871,32"",""1896,6"",""1856,09"","""",""0,0104"""
"""44354"",""1899"",""1888,49"",""1900,41"",""1880,88"","""",""0,0048"""
"""44355"",""1892,82"",""1898,99"",""1903,95"",""1883,38"","""",""-0,0033"""
"""44356"",""1888,3"",""1893,49"",""1899,4"",""1886,58"","""",""-0,0024"""
"""44357"",""1898,14"",""1888,57"",""1900,09"",""1869,84"","""",""0,0052"""
"""44358"",""1876,64"",""1898,42"",""1903,3"",""1874,07"","""",""-0,0113"""
"""44361"",""1865,99"",""1874,59"",""1878,21"",""1844,57"","""",""-0,0057"""
"""44362"",""1858,69"",""1866,26"",""1869,67"",""1851,28"","""",""-0,0039"""
"""44363"",""1811,95"",""1858,96"",""1862,43"",""1804,19"","""",""-0,0251"""
"""44364"",""1773,31"",""1812,18"",""1825,58"",""1766,88"","""",""-0,0213"""
"""44365"",""1763,34"",""1772,73"",""1797,24"",""1761,04"","""",""-0,0056"""
"""44368"",""1782,95"",""1764,44"",""1786,75"",""1764,44"","""",""0,0111"""
"""44369"",""1778,51"",""1783,23"",""1790,42"",""1771,99"","""",""-0,0025"""
"""44370"",""1778,73"",""1778,8"",""1795,18"",""1773,13"","""",""0,0001"""
"""44371"",""1775,18"",""1779,01"",""1788,56"",""1772,67"","""",""-0,002"""
"""44372"",""1780,34"",""1775,46"",""1790,6"",""1773,27"","""",""0,0029"""
"""44375"",""1778,18"",""1781,24"",""1785,9"",""1770,69"","""",""-0,0012"""
"""44376"",""1761,09"",""1778,44"",""1779,24"",""1750,11"","""",""-0,0096"""
"""44377"",""1769,8"",""1761,35"",""1774,72"",""1752,78"","""",""0,0049"""
"""44378"",""1776,6"",""1770,06"",""1783,07"",""1765,47"","""",""0,0038"""
"""44379"",""1786,79"",""1776,83"",""1795,4"",""1773,73"","""",""0,0057"""
"""44382"",""1791,61"",""1787,69"",""1795,69"",""1784,09"","""",""0,0027"""
"""44383"",""1796,69"",""1791,88"",""1815,34"",""1789,91"","""",""0,0028"""
"""44384"",""1803,41"",""1796,96"",""1810,13"",""1793,64"","""",""0,0037"""
"""44385"",""1802,56"",""1803,67"",""1818,7"",""1794,28"","""",""-0,0005"""
"""44386"",""1807,98"",""1802,89"",""1812,71"",""1796,09"","""",""0,003"""
"""44389"",""1805,88"",""1807,94"",""1811,04"",""1791,21"","""",""-0,0012"""
"""44390"",""1807,44"",""1806,17"",""1817,51"",""1798,54"","""",""0,0009"""
"""44391"",""1827,06"",""1807,72"",""1830,32"",""1804,21"","""",""0,0109"""
"""44392"",""1829,19"",""1827,35"",""1833,99"",""1820,07"","""",""0,0012"""
"""44393"",""1810,89"",""1829,45"",""1832,2"",""1808,65"","""",""-0,01"""
"""44396"",""1812,34"",""1811,65"",""1817,56"",""1794,66"","""",""0,0008"""
"""44397"",""1810,03"",""1812,61"",""1825,27"",""1805,06"","""",""-0,0013"""
"""44398"",""1803,31"",""1810,32"",""1814,02"",""1794,18"","""",""-0,0037"""
"""44399"",""1806,69"",""1803,58"",""1808,34"",""1792,11"","""",""0,0019"""
"""44400"",""1801,34"",""1806,95"",""1810,56"",""1790,45"","""",""-0,003"""
"""44403"",""1797,27"",""1802,65"",""1811,97"",""1795,68"","""",""-0,0023"""
"""44404"",""1798,73"",""1797,53"",""1805,6"",""1792,83"","""",""0,0008"""
"""44405"",""1806,88"",""1799"",""1809,9"",""1792,6"","""",""0,0045"""
"""44406"",""1827,95"",""1807,15"",""1833,05"",""1806,29"","""",""0,0117"""
"""44407"",""1813,58"",""1828,21"",""1831,63"",""1809,48"","""",""-0,0079"""
"""44410"",""1813,39"",""1814,34"",""1819,94"",""1805,12"","""",""-0,0001"""
"""44411"",""1809,94"",""1813,64"",""1815,18"",""1806,73"","""",""-0,0019"""
"""44412"",""1811,41"",""1810,6"",""1832,1"",""1806,54"","""",""0,0008"""
"""44413"",""1804,01"",""1811,69"",""1815,45"",""1797,74"","""",""-0,0041"""
"""44414"",""1762,69"",""1804,28"",""1804,93"",""1758,33"","""",""-0,0229"""
"""44417"",""1729,46"",""1763,34"",""1764,65"",""1684,77"","""",""-0,0189"""
"""44418"",""1728,71"",""1729,74"",""1738,49"",""1717,17"","""",""-0,0004"""
"""44419"",""1751,56"",""1729,01"",""1754,63"",""1723,54"","""",""0,0132"""
"""44420"",""1752,44"",""1751,66"",""1758,62"",""1741,29"","""",""0,0005"""
"""44421"",""1779,15"",""1752,72"",""1780,53"",""1751,27"","""",""0,0152"""
"""44424"",""1787,24"",""1778,44"",""1789,51"",""1770,38"","""",""0,0045"""
"""44425"",""1785,96"",""1787,51"",""1795,77"",""1780,28"","""",""-0,0007"""
"""44426"",""1787,59"",""1786,21"",""1794,31"",""1777,31"","""",""0,0009"""
"""44427"",""1780,18"",""1788,05"",""1792,56"",""1774,2"","""",""-0,0041"""
"""44428"",""1780,87"",""1780,44"",""1788,85"",""1777,96"","""",""0,0004"""
"""44431"",""1805,2"",""1780,55"",""1806,92"",""1776,03"","""",""0,0137"""
"""44432"",""1802,61"",""1805,61"",""1810,03"",""1799,73"","""",""-0,0014"""
"""44433"",""1790,68"",""1802,86"",""1803,57"",""1782,45"","""",""-0,0066"""
"""44434"",""1792,16"",""1791,09"",""1798,61"",""1779,48"","""",""0,0008"""
"""44435"",""1816,67"",""1792,6"",""1819,38"",""1787,66"","""",""0,0137"""
"""44438"",""1810,17"",""1817,55"",""1823,38"",""1807,28"","""",""-0,0036"""
"""44439"",""1813,43"",""1810,26"",""1819,43"",""1801,47"","""",""0,0018"""
"""44440"",""1813,66"",""1813,57"",""1820,21"",""1808,18"","""",""0,0001"""
"""44441"",""1809,4"",""1813,92"",""1817,53"",""1804,48"","""",""-0,0023"""
"""44442"",""1826,19"",""1809,98"",""1834,55"",""1808,53"","""",""0,0093"""
"""44445"",""1823,1"",""1828,66"",""1830,6"",""1820,58"","""",""-0,0017"""
"""44446"",""1794,13"",""1823,27"",""1827,39"",""1792,33"","""",""-0,0159"""
"""44447"",""1788,93"",""1794,41"",""1802,6"",""1781,98"","""",""-0,0029"""
"""44448"",""1794,69"",""1789,19"",""1801,19"",""1783,83"","""",""0,0032"""
"""44449"",""1787,34"",""1794,61"",""1804,15"",""1786,53"","""",""-0,0041"""
"""44452"",""1793,49"",""1788,55"",""1798,66"",""1783,73"","""",""0,0034"""
"""44453"",""1804,27"",""1793,77"",""1808,99"",""1781,89"","""",""0,006"""
"""44454"",""1792,59"",""1804,53"",""1807,3"",""1790,28"","""",""-0,0065"""
"""44455"",""1753,39"",""1794,34"",""1796,71"",""1745,04"","""",""-0,0219"""
"""44456"",""1754,16"",""1753,67"",""1768,22"",""1747,07"","""",""0,0004"""
"""44459"",""1763,88"",""1754,3"",""1767,31"",""1742,24"","""",""0,0055"""
"""44460"",""1774,25"",""1764,19"",""1782,07"",""1757,61"","""",""0,0059"""
"""44461"",""1767,91"",""1774,51"",""1787,51"",""1764,84"","""",""-0,0036"""
"""44462"",""1742,57"",""1768,4"",""1776,6"",""1737,84"","""",""-0,0143"""
"""44463"",""1749,86"",""1742,82"",""1758,08"",""1739,6"","""",""0,0042"""
"""44466"",""1749,85"",""1751,24"",""1761,29"",""1744,19"","""",""0"""
"""44467"",""1733,68"",""1750,45"",""1754,8"",""1727,18"","""",""-0,0092"""
"""44468"",""1726,11"",""1733,97"",""1746,11"",""1721,07"","""",""-0,0044"""
"""44469"",""1756,66"",""1726,4"",""1764,53"",""1721,67"","""",""0,0177"""
"""44470"",""1760,36"",""1756,91"",""1764,4"",""1749,36"","""",""0,0021"""
"""44473"",""1769,51"",""1762,15"",""1771,06"",""1747,23"","""",""0,0052"""
"""44474"",""1759,96"",""1769,75"",""1771,03"",""1748,56"","""",""-0,0054"""
"""44475"",""1762,48"",""1760,45"",""1765,78"",""1745,45"","""",""0,0014"""
"""44476"",""1755,29"",""1762,74"",""1767,45"",""1751,38"","""",""-0,0041"""
"""44477"",""1756,67"",""1755,89"",""1781,6"",""1753,03"","""",""0,0008"""
"""44480"",""1753,86"",""1757,34"",""1761,36"",""1749,68"","""",""-0,0016"""
"""44481"",""1759,93"",""1754,12"",""1769,78"",""1750,47"","""",""0,0035"""
"""44482"",""1792,65"",""1760,05"",""1796,31"",""1757,89"","""",""0,0186"""
"""44483"",""1795,56"",""1792,75"",""1800,91"",""1786,22"","""",""0,0016"""
"""44484"",""1767,26"",""1795,81"",""1796,89"",""1764,48"","""",""-0,0158"""
"""44487"",""1764,6"",""1767,74"",""1772,3"",""1759,68"","""",""-0,0015"""
"""44488"",""1768,87"",""1764,99"",""1785,53"",""1762,48"","""",""0,0024"""
"""44489"",""1781,83"",""1769,28"",""1788,68"",""1766,5"","""",""0,0073"""
"""44490"",""1782,76"",""1782,1"",""1789,61"",""1776,07"","""",""0,0005"""
"""44491"",""1792,48"",""1782,89"",""1814,22"",""1782,46"","""",""0,0055"""
"""44494"",""1807,47"",""1794"",""1810,18"",""1791,95"","""",""0,0084"""
"""44495"",""1792,63"",""1807,9"",""1808,5"",""1781,98"","""",""-0,0082"""
"""44496"",""1796,69"",""1793,04"",""1799,38"",""1782,83"","""",""0,0023"""
"""44497"",""1798,62"",""1796,78"",""1810,49"",""1792,34"","""",""0,0011"""
"""44498"",""1782,81"",""1799,03"",""1801,49"",""1771,7"","""",""-0,0088"""
"""44501"",""1793,05"",""1783,24"",""1796,2"",""1778,89"","""",""0,0057"""
"""44502"",""1787,28"",""1793,61"",""1796,91"",""1785,78"","""",""-0,0032"""
"""44503"",""1769,52"",""1787,71"",""1788,42"",""1758,45"","""",""-0,0099"""
"""44504"",""1791,7"",""1769,98"",""1799,26"",""1769,13"","""",""0,0125"""
"""44505"",""1816,73"",""1792,14"",""1818,61"",""1785,17"","""",""0,014"""
"""44508"",""1824,26"",""1818,44"",""1826,93"",""1812,08"","""",""0,0041"""
"""44509"",""1831,48"",""1824,74"",""1833,08"",""1817,7"","""",""0,004"""
"""44510"",""1849,57"",""1831,9"",""1868,7"",""1821,6"","""",""0,0099"""
"""44511"",""1861,52"",""1849,69"",""1866,35"",""1842,66"","""",""0,0065"""
"""44512"",""1864,04"",""1861,99"",""1868,69"",""1844,78"","""",""0,0014"""
"""44515"",""1862,46"",""1868,15"",""1870,57"",""1855,73"","""",""-0,0009"""
"""44516"",""1849,91"",""1862,94"",""1877,4"",""1849,16"","""",""-0,0067"""
"""44517"",""1866,96"",""1850,34"",""1868,32"",""1849,38"","""",""0,0092"""
"""44518"",""1858,46"",""1866,97"",""1871,29"",""1854,94"","""",""-0,0046"""
"""44519"",""1844,6"",""1858,9"",""1865,76"",""1842,98"","""",""-0,0075"""
"""44522"",""1805,04"",""1846,74"",""1849,49"",""1801,95"","""",""-0,0214"""
"""44523"",""1789,73"",""1805,65"",""1812,5"",""1781,63"","""",""-0,0085"""
"""44524"",""1788,5"",""1790,34"",""1797,01"",""1778,44"","""",""-0,0007"""
"""44525"",""1788,45"",""1789,49"",""1795,65"",""1785,85"","""",""0"""
"""44526"",""1791,81"",""1788,7"",""1815,78"",""1780,79"","""",""0,0019"""
"""44529"",""1785,01"",""1790,05"",""1799,8"",""1781,23"","""",""-0,0038"""
"""44530"",""1773,78"",""1785,34"",""1809,38"",""1769,43"","""",""-0,0063"""
"""44531"",""1782,66"",""1774,15"",""1794,8"",""1771,96"","""",""0,005"""
"""44532"",""1768,64"",""1783,05"",""1783,58"",""1761,68"","""",""-0,0079"""
"""44533"",""1783,74"",""1768,84"",""1786,44"",""1765,63"","""",""0,0085"""
"""44536"",""1778,11"",""1784,79"",""1787,87"",""1775,91"","""",""-0,0032"""
"""44537"",""1784,04"",""1778,08"",""1788,02"",""1771,93"","""",""0,0033"""
"""44538"",""1782,06"",""1784,4"",""1793,6"",""1779,45"","""",""-0,0011"""
"""44539"",""1774,46"",""1782,49"",""1788,05"",""1772,8"","""",""-0,0043"""
"""44540"",""1782,51"",""1774,94"",""1789,47"",""1769,43"","""",""0,0045"""
"""44543"",""1786,94"",""1782,94"",""1791,78"",""1781,51"","""",""0,0025"""
"""44544"",""1770,18"",""1787,19"",""1789,74"",""1766,31"","""",""-0,0094"""
"""44545"",""1777,06"",""1770,49"",""1781,04"",""1753,84"","""",""0,0039"""
"""44546"",""1799,03"",""1777,4"",""1799,53"",""1775,43"","""",""0,0124"""
"""44547"",""1797,68"",""1799,55"",""1814,63"",""1795,67"","""",""-0,0007"""
"""44550"",""1789,32"",""1799,4"",""1804,32"",""1787,98"","""",""-0,0047"""
"""44551"",""1788,36"",""1789,74"",""1800,85"",""1784,58"","""",""-0,0005"""
"""44552"",""1803,4"",""1788,94"",""1805,13"",""1785,41"","""",""0,0084"""
"""44553"",""1807,91"",""1803,69"",""1811,02"",""1798,88"","""",""0,0025"""
"""44554"",""1808,11"",""1808,19"",""1812,7"",""1801,61"","""",""0,0001"""
"""44557"",""1810,9"",""1808,19"",""1813,74"",""1802,89"","""",""0,0015"""
"""44558"",""1805,37"",""1811,84"",""1820,7"",""1804,38"","""",""-0,0031"""
"""44559"",""1803,66"",""1805,59"",""1808,16"",""1788,94"","""",""-0,0009"""
"""44560"",""1815,01"",""1803,99"",""1817,44"",""1795,78"","""",""0,0063"""
"""44561"",""1828,39"",""1815,44"",""1830,58"",""1814,15"","""",""0,0074"""
"""44564"",""1800,85"",""1830,14"",""1832,06"",""1797,93"","""",""-0,0151"""
"""44565"",""1814,56"",""1801,34"",""1816,83"",""1798,44"","""",""0,0076"""
"""44566"",""1809,53"",""1814,9"",""1829,82"",""1807,97"","""",""-0,0028"""
"""44567"",""1788,68"",""1809,94"",""1811,89"",""1786,03"","""",""-0,0115"""
"""44568"",""1795,63"",""1789,55"",""1799,2"",""1782,63"","""",""0,0039"""
"""44571"",""1801,41"",""1795,41"",""1802,57"",""1790,43"","""",""0,0032"""
"""44572"",""1822,01"",""1801,69"",""1823,35"",""1800,09"","""",""0,0114"""
"""44573"",""1825,32"",""1822,49"",""1828,33"",""1814,2"","""",""0,0018"""
"""44574"",""1822,09"",""1825,94"",""1828,38"",""1811,83"","""",""-0,0018"""
"""44575"",""1817,22"",""1822,55"",""1829,66"",""1814,13"","""",""-0,0027"""
"""44578"",""1818,99"",""1817,9"",""1823,72"",""1812,67"","""",""0,001"""
"""44579"",""1813,54"",""1819,77"",""1823,01"",""1805,53"","""",""-0,003"""
"""44580"",""1839,96"",""1813,69"",""1843,72"",""1809,97"","""",""0,0146"""
"""44581"",""1838,36"",""1840,3"",""1848,36"",""1835,67"","""",""-0,0009"""
"""44582"",""1833,24"",""1838,65"",""1843,53"",""1828,04"","""",""-0,0028"""
"""44585"",""1843,06"",""1834,49"",""1844,53"",""1829,09"","""",""0,0054"""
"""44586"",""1847,56"",""1843,34"",""1853,98"",""1834,64"","""",""0,0024"""
"""44587"",""1818,12"",""1847,99"",""1850,44"",""1814,9"","""",""-0,0159"""
"""44588"",""1796,51"",""1818,44"",""1822,51"",""1790,98"","""",""-0,0119"""
"""44589"",""1791,03"",""1796,94"",""1799,82"",""1779,88"","""",""-0,003"""
"""44592"",""1796,47"",""1791,19"",""1800,23"",""1785,03"","""",""0,003"""
"""44593"",""1800,65"",""1796,72"",""1809,16"",""1795,13"","""",""0,0023"""
"""44594"",""1806,5"",""1800,94"",""1811,53"",""1794,11"","""",""0,0032"""
"""44595"",""1804,4"",""1807,19"",""1809,22"",""1788,39"","""",""-0,0012"""
"""44596"",""1807,49"",""1804,8"",""1815,44"",""1790,94"","""",""0,0017"""
"""44599"",""1820,31"",""1806,99"",""1824,06"",""1806,94"","""",""0,0071"""
"""44600"",""1825,48"",""1820,59"",""1829,09"",""1815,06"","""",""0,0028"""
"""44601"",""1832,43"",""1826,05"",""1836,35"",""1824,5"","""",""0,0038"""
"""44602"",""1826,57"",""1832,94"",""1842,35"",""1821,46"","""",""-0,0032"""
"""44603"",""1859,96"",""1827,25"",""1865,63"",""1820,79"","""",""0,0183"""
"""44606"",""1870,29"",""1861,55"",""1874,41"",""1850,45"","""",""0,0056"""
"""44607"",""1853,06"",""1870,94"",""1879,89"",""1844,27"","""",""-0,0092"""
"""44608"",""1868,37"",""1853,4"",""1873,16"",""1849,94"","""",""0,0083"""
"""44609"",""1897,27"",""1868,84"",""1901,57"",""1867,18"","""",""0,0155"""
"""44610"",""1897,87"",""1897,94"",""1902,84"",""1886,16"","""",""0,0003"""
"""44613"",""1905,63"",""1900,4"",""1908,38"",""1887,19"","""",""0,0041"""
"""44614"",""1898,13"",""1905,89"",""1914,44"",""1891,16"","""",""-0,0039"""
"""44615"",""1907,55"",""1898,44"",""1911"",""1889,23"","""",""0,005"""
"""44616"",""1903,14"",""1907,99"",""1974,48"",""1879,05"","""",""-0,0023"""
"""44617"",""1887,56"",""1903,55"",""1921,54"",""1883,1"","""",""-0,0082"""
"""44620"",""1907,9"",""1920,86"",""1929,36"",""1890,59"","""",""0,0108"""
"""44621"",""1943,22"",""1908,19"",""1950,45"",""1900,93"","""",""0,0185"""
"""44622"",""1926,11"",""1943,69"",""1948,18"",""1913,82"","""",""-0,0088"""
"""44623"",""1935,21"",""1926,49"",""1941,47"",""1921,73"","""",""0,0047"""
"""44624"",""1968,45"",""1935,65"",""1970,8"",""1929,78"","""",""0,0172"""
"""44627"",""1998,11"",""1977,09"",""2002,9"",""1960,76"","""",""0,0151"""
"""44628"",""2052,41"",""1998,3"",""2070,29"",""1981"","""",""0,0272"""
"""44629"",""1991,49"",""2052,75"",""2059,25"",""1976,3"","""",""-0,0297"""
"""44630"",""1995,86"",""1991,94"",""2009,57"",""1970,66"","""",""0,0022"""
"""44631"",""1985,29"",""1996,15"",""1999,22"",""1958,8"","""",""-0,0053"""
"""44634"",""1951,11"",""1985,49"",""1990,33"",""1949,87"","""",""-0,0172"""
"""44635"",""1917,84"",""1951,02"",""1954,95"",""1906,73"","""",""-0,0171"""
"""44636"",""1927,93"",""1918,1"",""1929,87"",""1895,22"","""",""0,0053"""
"""44637"",""1942,64"",""1927,56"",""1950,1"",""1923,4"","""",""0,0076"""
"""44638"",""1921,09"",""1942,9"",""1945,51"",""1917,93"","""",""-0,0111"""
"""44641"",""1935,95"",""1922,24"",""1940,69"",""1918,01"","""",""0,0077"""
"""44642"",""1921,44"",""1935,86"",""1938,59"",""1910,89"","""",""-0,0075"""
"""44643"",""1943,38"",""1922,35"",""1948,55"",""1915,32"","""",""0,0114"""
"""44644"",""1957,48"",""1944,88"",""1966,19"",""1937,18"","""",""0,0073"""
"""44645"",""1957,4"",""1957,49"",""1964,49"",""1943,55"","""",""0"""
"""44648"",""1923,2"",""1958,75"",""1959,36"",""1916,83"","""",""-0,0175"""
"""44649"",""1919,19"",""1922,95"",""1929,41"",""1890,03"","""",""-0,0021"""
"""44650"",""1933,06"",""1920,07"",""1938,53"",""1915,74"","""",""0,0072"""
"""44651"",""1937,23"",""1932,8"",""1949,92"",""1918,98"","""",""0,0022"""
"""44652"",""1924,3"",""1937,51"",""1939,99"",""1917,56"","""",""-0,0067"""
"""44655"",""1932,44"",""1924,94"",""1937,05"",""1915,55"","""",""0,0042"""
"""44656"",""1923,76"",""1933,38"",""1944,73"",""1917,74"","""",""-0,0045"""
"""44657"",""1925,48"",""1923,69"",""1933,65"",""1915,24"","""",""0,0009"""
"""44658"",""1932,17"",""1925,32"",""1938,07"",""1920,27"","""",""0,0035"""
"""44659"",""1945,85"",""1931,92"",""1948,46"",""1927,38"","""",""0,0071"""
"""44662"",""1953,43"",""1947,15"",""1969,41"",""1940,05"","""",""0,0039"""
"""44663"",""1966,59"",""1953,99"",""1978,63"",""1949,48"","""",""0,0067"""
"""44664"",""1977,72"",""1967,21"",""1981,82"",""1962,59"","""",""0,0057"""
"""44665"",""1973,52"",""1977,78"",""1980,81"",""1960,9"","""",""-0,0021"""
"""44666"",""1974,54"",""1974,28"",""1975,69"",""1973,05"","""",""0,0005"""
"""44669"",""1978,5"",""1972,84"",""1998,6"",""1971,05"","""",""0,002"""
"""44670"",""1949,84"",""1979,19"",""1982,31"",""1943,8"","""",""-0,0145"""
"""44671"",""1957,41"",""1950,34"",""1958,57"",""1939,16"","""",""0,0039"""
"""44672"",""1951,49"",""1957,84"",""1958"",""1936,79"","""",""-0,003"""
"""44673"",""1929,73"",""1951,49"",""1955,93"",""1926,52"","""",""-0,0112"""
"""44676"",""1897,69"",""1931,09"",""1934,71"",""1891,05"","""",""-0,0166"""
"""44677"",""1905,56"",""1897,95"",""1911,5"",""1895,38"","""",""0,0041"""
"""44678"",""1886,12"",""1905,45"",""1907,25"",""1881,39"","""",""-0,0102"""
"""44679"",""1894,34"",""1886,14"",""1897,32"",""1872,19"","""",""0,0044"""
"""44680"",""1896,4"",""1894,43"",""1919,97"",""1892,25"","""",""0,0011"""
"""44683"",""1862,77"",""1896,09"",""1900,1"",""1854,74"","""",""-0,0177"""
"""44684"",""1867,79"",""1863,05"",""1878,19"",""1850,33"","""",""0,0027"""
"""44685"",""1880,92"",""1868,04"",""1889,74"",""1861,17"","""",""0,007"""
"""44686"",""1876,84"",""1881,47"",""1910,03"",""1872,48"","""",""-0,0022"""
"""44687"",""1882,96"",""1877,3"",""1892,93"",""1865,84"","""",""0,0033"""
"""44690"",""1853,92"",""1883,8"",""1885,95"",""1851,36"","""",""-0,0154"""
"""44691"",""1838,14"",""1853,74"",""1865,76"",""1835,46"","""",""-0,0085"""
"""44692"",""1852,12"",""1838,41"",""1857,99"",""1831,83"","""",""0,0076"""
"""44693"",""1821,72"",""1852,58"",""1859,3"",""1820,93"","""",""-0,0164"""
"""44694"",""1811,15"",""1822,48"",""1829,06"",""1799,24"","""",""-0,0058"""
"""44697"",""1823,79"",""1811,05"",""1827,23"",""1786,95"","""",""0,007"""
"""44698"",""1814,67"",""1824,18"",""1836,55"",""1812,68"","""",""-0,005"""
"""44699"",""1815,61"",""1815,2"",""1825,02"",""1807,3"","""",""0,0005"""
"""44700"",""1841,72"",""1816,6"",""1849,46"",""1810,55"","""",""0,0144"""
"""44701"",""1845,68"",""1842,12"",""1849,59"",""1832,35"","""",""0,0022"""
"""44704"",""1853,22"",""1846,53"",""1865,65"",""1844,08"","""",""0,0041"""
"""44705"",""1865,9"",""1853,59"",""1869,99"",""1849,06"","""",""0,0068"""
"""44706"",""1852,83"",""1865,09"",""1868,4"",""1842,94"","""",""-0,007"""
"""44707"",""1850,02"",""1853,48"",""1854,71"",""1841,14"","""",""-0,0015"""
"""44708"",""1852,73"",""1850,48"",""1862,3"",""1847,76"","""",""0,0015"""
"""44711"",""1856,21"",""1852,19"",""1864,34"",""1847,92"","""",""0,0019"""
"""44712"",""1837,09"",""1856,4"",""1857,69"",""1834,9"","""",""-0,0103"""
"""44713"",""1845,55"",""1837,37"",""1850,4"",""1828,28"","""",""0,0046"""
"""44714"",""1868,13"",""1846,44"",""1870,69"",""1843,76"","""",""0,0122"""
"""44715"",""1850,77"",""1868,53"",""1874,3"",""1847,02"","""",""-0,0093"""
"""44718"",""1841"",""1850,29"",""1858,15"",""1840,5"","""",""-0,0053"""
"""44719"",""1851,97"",""1841,6"",""1855,86"",""1836,73"","""",""0,006"""
"""44720"",""1853,26"",""1852,51"",""1859,9"",""1844,35"","""",""0,0007"""
"""44721"",""1847,61"",""1853,53"",""1855,52"",""1839,6"","""",""-0,003"""
"""44722"",""1870,96"",""1848,09"",""1876,47"",""1825,02"","""",""0,0126"""
"""44725"",""1818,77"",""1875,8"",""1877,38"",""1818,9"","""",""-0,0279"""
"""44726"",""1808,1"",""1819,1"",""1832,19"",""1804,65"","""",""-0,0059"""
"""44727"",""1833,38"",""1808,35"",""1841,74"",""1807,24"","""",""0,014"""
"""44728"",""1856,71"",""1833,99"",""1857,91"",""1815,95"","""",""0,0127"""
"""44729"",""1839,35"",""1857,34"",""1858,29"",""1833,72"","""",""-0,0093"""
"""44732"",""1838,29"",""1840,4"",""1846,42"",""1834,49"","""",""-0,0006"""
"""44733"",""1832,56"",""1838,37"",""1844,15"",""1828,29"","""",""-0,0031"""
"""44734"",""1837,39"",""1832,96"",""1848,44"",""1823,23"","""",""0,0026"""
"""44735"",""1822,43"",""1837,87"",""1846,19"",""1821,88"","""",""-0,0081"""
"""44736"",""1826,18"",""1822,88"",""1832,15"",""1816,7"","""",""0,0021"""
"""44739"",""1822,73"",""1838,15"",""1841,34"",""1820,4"","""",""-0,0019"""
"""44740"",""1819,69"",""1822,85"",""1830,09"",""1818,2"","""",""-0,0017"""
"""44741"",""1817,11"",""1819,95"",""1833,24"",""1812,1"","""",""-0,0014"""
"""44742"",""1806,89"",""1817,8"",""1825,9"",""1802,2"","""",""-0,0056"""
"""44743"",""1810,18"",""1807,31"",""1812,09"",""1784,1"","""",""0,0018"""
"""44746"",""1809,12"",""1812,27"",""1814,36"",""1803,45"","""",""-0,0006"""
"""44747"",""1764,35"",""1808,74"",""1812,42"",""1763,48"","""",""-0,0247"""
"""44748"",""1738,3"",""1764,87"",""1773,06"",""1731,75"","""",""-0,0148"""
"""44749"",""1739,61"",""1738,93"",""1749,14"",""1735,95"","""",""0,0008"""
"""44750"",""1741,82"",""1740,05"",""1752,5"",""1733,24"","""",""0,0013"""
"""44753"",""1733,67"",""1742,86"",""1744,92"",""1731,01"","""",""-0,0047"""
"""44754"",""1725,81"",""1733,99"",""1743,49"",""1722,93"","""",""-0,0045"""
"""44755"",""1735,23"",""1726,17"",""1745,54"",""1707,38"","""",""0,0055"""
"""44756"",""1709,45"",""1735,7"",""1736,94"",""1697,48"","""",""-0,0149"""
"""44757"",""1706,78"",""1709,81"",""1716,92"",""1698,82"","""",""-0,0016"""
"""44760"",""1709,01"",""1707,94"",""1724,05"",""1705,89"","""",""0,0013"""
"""44761"",""1711,07"",""1709,27"",""1718,64"",""1704,96"","""",""0,0012"""
"""44762"",""1696,43"",""1711,3"",""1714,94"",""1692,53"","""",""-0,0086"""
"""44763"",""1718,49"",""1696,73"",""1720,69"",""1680,78"","""",""0,013"""
"""44764"",""1726,46"",""1718,61"",""1739,28"",""1712,93"","""",""0,0046"""
"""44767"",""1718,78"",""1728,15"",""1736,43"",""1714,57"","""",""-0,0044"""
"""44768"",""1717"",""1719,69"",""1728,36"",""1713,2"","""",""-0,001"""
"""44769"",""1733,89"",""1717,41"",""1740,6"",""1711,46"","""",""0,0098"""
"""44770"",""1755,11"",""1734,61"",""1757,43"",""1733,59"","""",""0,0122"""
"""44771"",""1765,22"",""1755,81"",""1768,17"",""1752,19"","""",""0,0058"""
"""44774"",""1771,73"",""1765,05"",""1775,22"",""1758,05"","""",""0,0037"""
"""44775"",""1759,75"",""1772,23"",""1788,24"",""1759,86"","""",""-0,0068"""
"""44776"",""1764,9"",""1760,53"",""1772,9"",""1754,33"","""",""0,0029"""
"""44777"",""1790,97"",""1765,34"",""1795,29"",""1763"","""",""0,0148"""
"""44778"",""1774,15"",""1791,16"",""1795,29"",""1764,88"","""",""-0,0094"""
"""44781"",""1788,52"",""1773,57"",""1790,26"",""1770,94"","""",""0,0081"""
"""44782"",""1794,08"",""1789,21"",""1800,45"",""1782,85"","""",""0,0031"""
"""44783"",""1792,13"",""1794,21"",""1807,9"",""1787,32"","""",""-0,0011"""
"""44784"",""1789,45"",""1792,39"",""1799,4"",""1783,24"","""",""-0,0015"""
"""44785"",""1801,76"",""1790,06"",""1802,86"",""1784,52"","""",""0,0069"""
"""44788"",""1778,91"",""1802,05"",""1802,53"",""1772,75"","""",""-0,0127"""
"""44789"",""1775,54"",""1779,74"",""1783,37"",""1771,33"","""",""-0,0019"""
"""44790"",""1761,05"",""1775,98"",""1782,63"",""1759,58"","""",""-0,0082"""
"""44791"",""1758,2"",""1761,63"",""1772,59"",""1755,37"","""",""-0,0016"""
"""44792"",""1747,83"",""1759,3"",""1759,88"",""1745,19"","""",""-0,0059"""
"""44795"",""1735,7"",""1747,05"",""1749,31"",""1727,51"","""",""-0,0069"""
"""44796"",""1747,67"",""1736,4"",""1754,28"",""1730,52"","""",""0,0069"""
"""44797"",""1750,89"",""1748,55"",""1755,88"",""1742,29"","""",""0,0018"""
"""44798"",""1758,44"",""1751,55"",""1765,93"",""1749,71"","""",""0,0043"""
"""44799"",""1736,86"",""1758,55"",""1759,31"",""1733,83"","""",""-0,0123"""
"""44802"",""1737,82"",""1736,19"",""1745,63"",""1720,08"","""",""0,0006"""
"""44803"",""1723,55"",""1738,36"",""1740,93"",""1720,85"","""",""-0,0082"""
"""44804"",""1710,7"",""1723,83"",""1726,86"",""1709,1"","""",""-0,0075"""
"""44805"",""1696,09"",""1711,09"",""1711,81"",""1688,35"","""",""-0,0085"""
"""44806"",""1711,44"",""1696,35"",""1718,31"",""1694,64"","""",""0,0091"""
"""44809"",""1710,21"",""1712,99"",""1716,34"",""1707,47"","""",""-0,0007"""
"""44810"",""1701,15"",""1710,56"",""1727,24"",""1699,3"","""",""-0,0053"""
"""44811"",""1717,69"",""1701,61"",""1719,82"",""1690,9"","""",""0,0097"""
"""44812"",""1707,28"",""1718,4"",""1728,8"",""1703,5"","""",""-0,0061"""
"""44813"",""1716,05"",""1708,84"",""1729,94"",""1708,22"","""",""0,0051"""
"""44816"",""1724,07"",""1717,05"",""1735,37"",""1711,97"","""",""0,0047"""
"""44817"",""1701,55"",""1724,75"",""1732,34"",""1696,7"","""",""-0,0131"""
"""44818"",""1695,8"",""1701,86"",""1707,49"",""1693,26"","""",""-0,0034"""
"""44819"",""1663,74"",""1696,06"",""1698,62"",""1660,04"","""",""-0,0189"""
"""44820"",""1674,94"",""1664,27"",""1680,69"",""1653,85"","""",""0,0067"""
"""44823"",""1675,78"",""1675,44"",""1680,16"",""1659,67"","""",""0,0005"""
"""44824"",""1663,11"",""1675,47"",""1679,34"",""1659,6"","""",""-0,0076"""
"""44825"",""1673,74"",""1663,67"",""1688,15"",""1654,15"","""",""0,0064"""
"""44826"",""1670,53"",""1675,06"",""1685,49"",""1655,53"","""",""-0,0019"""
"""44827"",""1643,09"",""1671,55"",""1676,59"",""1639,59"","""",""-0,0164"""
"""44830"",""1621,57"",""1645,4"",""1650,02"",""1620,8"","""",""-0,0131"""
"""44831"",""1628,8"",""1621,99"",""1642,94"",""1621,77"","""",""0,0045"""
"""44832"",""1659,44"",""1629,26"",""1663,17"",""1614,35"","""",""0,0188"""
"""44833"",""1660,29"",""1659,88"",""1665,12"",""1641,05"","""",""0,0005"""
"""44834"",""1659,67"",""1661,13"",""1675,57"",""1658,93"","""",""-0,0004"""
"""44837"",""1699,22"",""1661,3"",""1701,8"",""1659,1"","""",""0,0238"""
"""44838"",""1726,24"",""1699,4"",""1729,73"",""1694,73"","""",""0,0159"""
"""44839"",""1715,81"",""1726,42"",""1728,1"",""1700,15"","""",""-0,006"""
"""44840"",""1710,85"",""1716,06"",""1726,09"",""1706,53"","""",""-0,0029"""
"""44841"",""1694,52"",""1711,1"",""1715,4"",""1690,35"","""",""-0,0095"""
"""44844"",""1667,96"",""1696,8"",""1700,33"",""1665,3"","""",""-0,0157"""
"""44845"",""1665,31"",""1668,4"",""1684,44"",""1660,45"","""",""-0,0016"""
"""44846"",""1672,51"",""1666,49"",""1678,9"",""1660,95"","""",""0,0043"""
"""44847"",""1665,8"",""1673,3"",""1682,84"",""1642,25"","""",""-0,004"""
"""44848"",""1641,76"",""1665,9"",""1672,02"",""1639,9"","""",""-0,0144"""
"""44851"",""1649,94"",""1644,09"",""1668,69"",""1643,69"","""",""0,005"""
"""44852"",""1651,83"",""1650,49"",""1661,27"",""1645,61"","""",""0,0011"""
"""44853"",""1628,49"",""1651,99"",""1654,9"",""1627,25"","""",""-0,0141"""
"""44854"",""1627,66"",""1629,93"",""1645,83"",""1621,93"","""",""-0,0005"""
"""44855"",""1656,66"",""1628,1"",""1659,08"",""1617,21"","""",""0,0178"""
"""44858"",""1648,6"",""1658,19"",""1670,55"",""1643,64"","""",""-0,0049"""
"""44859"",""1652,52"",""1649,7"",""1662,89"",""1637,82"","""",""0,0024"""
"""44860"",""1664,49"",""1653,21"",""1675,12"",""1649,15"","""",""0,0072"""
"""44861"",""1662,94"",""1664,5"",""1671,09"",""1654,81"","""",""-0,0009"""
"""44862"",""1641,76"",""1663,3"",""1667,44"",""1637,39"","""",""-0,0127"""
"""44865"",""1633,12"",""1643,69"",""1645,8"",""1631,77"","""",""-0,0053"""
"""44866"",""1647,5"",""1633,4"",""1657,13"",""1630,93"","""",""0,0088"""
"""44867"",""1634,89"",""1647,77"",""1669,6"",""1634,4"","""",""-0,0077"""
"""44868"",""1629,15"",""1635,8"",""1641,32"",""1616,18"","""",""-0,0035"""
"""44869"",""1680,27"",""1629,4"",""1682,17"",""1628,23"","""",""0,0314"""
"""44872"",""1674,68"",""1681,3"",""1682,08"",""1666,44"","""",""-0,0033"""
"""44873"",""1712,52"",""1674,75"",""1717,31"",""1664,32"","""",""0,0226"""
"""44874"",""1706,32"",""1712,6"",""1722,94"",""1701,79"","""",""-0,0036"""
"""44875"",""1754,75"",""1706,4"",""1757,59"",""1703,32"","""",""0,0284"""
"""44876"",""1770,69"",""1754,92"",""1773,17"",""1746,85"","""",""0,0091"""
"""44879"",""1771,8"",""1771,42"",""1775,36"",""1752,9"","""",""0,0006"""
"""44880"",""1778,25"",""1771,88"",""1786,68"",""1766,56"","""",""0,0036"""
"""44881"",""1773,77"",""1778,34"",""1785,49"",""1769,82"","""",""-0,0025"""
"""44882"",""1760,87"",""1773,82"",""1775,2"",""1754,13"","""",""-0,0073"""
"""44883"",""1749,74"",""1760,74"",""1767,98"",""1747,04"","""",""-0,0063"""
"""44886"",""1737,81"",""1750,82"",""1753,52"",""1732,03"","""",""-0,0068"""
"""44887"",""1740,24"",""1738,48"",""1749,98"",""1736,61"","""",""0,0014"""
"""44888"",""1749,28"",""1740,3"",""1753,54"",""1728,25"","""",""0,0052"""
"""44889"",""1754,96"",""1749,53"",""1759,08"",""1749,03"","""",""0,0032"""
"""44890"",""1756,14"",""1756,48"",""1761,58"",""1745,46"","""",""0,0007"""
"""44893"",""1740,75"",""1755"",""1764,08"",""1739,14"","""",""-0,0088"""
"""44894"",""1749,73"",""1740,82"",""1759,33"",""1738,98"","""",""0,0052"""
"""44895"",""1768,45"",""1749,82"",""1770,39"",""1744,41"","""",""0,0107"""
"""44896"",""1802,89"",""1768,54"",""1804,32"",""1767,36"","""",""0,0195"""
"""44897"",""1797,82"",""1803,15"",""1804,93"",""1778,26"","""",""-0,0028"""
"""44900"",""1768,39"",""1797,92"",""1810,33"",""1765,32"","""",""-0,0164"""
"""44901"",""1770,91"",""1768,67"",""1781,46"",""1765,72"","""",""0,0014"""
"""44902"",""1786,22"",""1771,14"",""1790,92"",""1768,32"","""",""0,0086"""
"""44903"",""1789,23"",""1786,29"",""1795,18"",""1780,96"","""",""0,0017"""
"""44904"",""1796,63"",""1789,3"",""1806,45"",""1787,96"","""",""0,0041"""
"""44907"",""1781,15"",""1797,35"",""1798"",""1777,22"","""",""-0,0086"""
"""44908"",""1810,29"",""1781,21"",""1824,87"",""1779,81"","""",""0,0164"""
"""44909"",""1807,27"",""1810,49"",""1814,19"",""1796,07"","""",""-0,0017"""
"""44910"",""1776,66"",""1807,4"",""1809,09"",""1772"","""",""-0,0169"""
"""44911"",""1792,34"",""1776,72"",""1794,69"",""1773,89"","""",""0,0088"""
"""44914"",""1787,44"",""1793,13"",""1799,1"",""1783,48"","""",""-0,0027"""
"""44915"",""1817,41"",""1787,49"",""1821,6"",""1784,21"","""",""0,0168"""
"""44916"",""1814,13"",""1818,06"",""1824,39"",""1811,24"","""",""-0,0018"""
"""44917"",""1792,57"",""1814,2"",""1821,1"",""1784,11"","""",""-0,0119"""
"""44918"",""1797,91"",""1792,65"",""1803,6"",""1789,62"","""",""0,003"""
"""44921"",""1797,61"",""1798,57"",""1798,78"",""1798,04"","""",""-0,0002"""
"""44922"",""1813,93"",""1796,67"",""1833,39"",""1796,2"","""",""0,0091"""
"""44923"",""1804,09"",""1814"",""1815,18"",""1796,56"","""",""-0,0054"""
"""44924"",""1814,89"",""1804,16"",""1820,52"",""1802,02"","""",""0,006"""
"""44925"",""1824,4"",""1815,14"",""1826,73"",""1809,84"","""",""0,0052"""
"""44928"",""1823,69"",""1823,85"",""1823,94"",""1823,85"","""",""-0,0004"""
"""44929"",""1839,49"",""1826,14"",""1850,69"",""1824,42"","""",""0,0087"""
"""44930"",""1854,09"",""1839,51"",""1865,49"",""1835,92"","""",""0,0079"""
"""44931"",""1833,19"",""1854,19"",""1859,36"",""1824,68"","""",""-0,0113"""
"""44932"",""1865,71"",""1833,27"",""1870,37"",""1830,53"","""",""0,0177"""
"""44935"",""1871,59"",""1865,45"",""1881,8"",""1864,59"","""",""0,0032"""
"""44936"",""1877,27"",""1871,66"",""1881,04"",""1867,37"","""",""0,003"""
"""44937"",""1876,38"",""1877,3"",""1887,09"",""1866,75"","""",""-0,0005"""
"""44938"",""1896,86"",""1876,43"",""1901,88"",""1873,64"","""",""0,0109"""
"""44939"",""1920,21"",""1897,03"",""1922,24"",""1891,8"","""",""0,0123"""
"""44942"",""1918"",""1920,39"",""1929,24"",""1910,74"","""",""-0,0012"""
"""44943"",""1908,39"",""1917,81"",""1919,83"",""1903,51"","""",""-0,005"""
"""44944"",""1903,76"",""1908,46"",""1926,3"",""1896,56"","""",""-0,0024"""
"""44945"",""1931,39"",""1903,83"",""1935,4"",""1900,48"","""",""0,0145"""
"""44946"",""1926,57"",""1931,48"",""1937,72"",""1920,58"","""",""-0,0025"""
"""44949"",""1931,3"",""1926,2"",""1935,69"",""1911,44"","""",""0,0025"""
"""44950"",""1937,45"",""1931,35"",""1942,93"",""1916,82"","""",""0,0032"""
"""44951"",""1945,93"",""1937,54"",""1948,12"",""1919,88"","""",""0,0044"""
"""44952"",""1928,99"",""1946,09"",""1949,27"",""1918,74"","""",""-0,0087"""
"""44953"",""1927,34"",""1929,4"",""1935,15"",""1916,65"","""",""-0,0009"""
"""44956"",""1922,52"",""1928,4"",""1934,61"",""1920,58"","""",""-0,0025"""
"""44957"",""1927,88"",""1922,82"",""1931,15"",""1900,74"","""",""0,0028"""
"""44958"",""1950,42"",""1927,92"",""1954,63"",""1920,56"","""",""0,0117"""
"""44959"",""1912,37"",""1950,54"",""1959,77"",""1911,33"","""",""-0,0195"""
"""44960"",""1865,53"",""1912,57"",""1918,72"",""1861,41"","""",""-0,0245"""
"""44963"",""1867,36"",""1865,17"",""1881,54"",""1860,39"","""",""0,001"""
"""44964"",""1873,81"",""1867,39"",""1884,45"",""1864,94"","""",""0,0035"""
"""44965"",""1875,59"",""1874,05"",""1886,28"",""1867,4"","""",""0,0009"""
"""44966"",""1861,39"",""1875,64"",""1890,69"",""1858,89"","""",""-0,0076"""
"""44967"",""1864,67"",""1861,68"",""1872,31"",""1852,69"","""",""0,0018"""
"""44970"",""1853,39"",""1865,69"",""1866,83"",""1850,42"","""",""-0,006"""
"""44971"",""1854,29"",""1853,67"",""1871,03"",""1843,2"","""",""0,0005"""
"""44972"",""1836,19"",""1854,35"",""1860,18"",""1830,2"","""",""-0,0098"""
"""44973"",""1837,44"",""1836,56"",""1845,45"",""1827,18"","""",""0,0007"""
"""44974"",""1841,59"",""1837,52"",""1843,77"",""1818,34"","""",""0,0023"""
"""44977"",""1841,14"",""1842,73"",""1847,86"",""1837,09"","""",""-0,0002"""
"""44978"",""1834,32"",""1841,71"",""1844,44"",""1829,7"","""",""-0,0037"""
"""44979"",""1825,04"",""1834,71"",""1846,26"",""1823,05"","""",""-0,0051"""
"""44980"",""1822,64"",""1825,12"",""1834,43"",""1817,55"","""",""-0,0013"""
"""44981"",""1810,81"",""1822,74"",""1827,98"",""1808,91"","""",""-0,0065"""
"""44984"",""1817,31"",""1812,01"",""1820,22"",""1806,68"","""",""0,0036"""
"""44985"",""1827,15"",""1817,38"",""1831,27"",""1804,65"","""",""0,0054"""
"""44986"",""1836,81"",""1827,24"",""1845,05"",""1823,05"","""",""0,0053"""
"""44987"",""1836"",""1837,2"",""1838,94"",""1829,44"","""",""-0,0004"""
"""44988"",""1854,97"",""1836,1"",""1856,47"",""1834,51"","""",""0,0103"""
"""44991"",""1846,85"",""1855,35"",""1858,84"",""1845,08"","""",""-0,0044"""
"""44992"",""1813,52"",""1846,92"",""1852,26"",""1812,72"","""",""-0,018"""
"""44993"",""1813,59"",""1813,61"",""1824,38"",""1809,4"","""",""0"""
"""44994"",""1830,89"",""1813,65"",""1835,56"",""1811,84"","""",""0,0095"""
"""44995"",""1867,83"",""1830,96"",""1870,28"",""1827,71"","""",""0,0202"""
"""44998"",""1913,23"",""1869,01"",""1914,79"",""1869,01"","""",""0,0243"""
"""44999"",""1902,12"",""1913,19"",""1914,52"",""1895,17"","""",""-0,0058"""
"""45000"",""1918,1"",""1903,91"",""1937,46"",""1885,78"","""",""0,0084"""
"""45001"",""1919,12"",""1920,54"",""1934,12"",""1907,55"","""",""0,0005"""
"""45002"",""1987,93"",""1920"",""1989,8"",""1918,33"","""",""0,0359"""
"""45005"",""1978,71"",""1987,59"",""2010,19"",""1965,77"","""",""-0,0046"""
"""45006"",""1940,15"",""1979,17"",""1985,3"",""1935,41"","""",""-0,0195"""
"""45007"",""1969,58"",""1940,44"",""1978,93"",""1934,33"","""",""0,0152"""
"""45008"",""1993,5"",""1967,91"",""2003,43"",""1964,39"","""",""0,0121"""
"""45009"",""1977,22"",""1993,99"",""2003,19"",""1975,18"","""",""-0,0082"""
"""45012"",""1956,56"",""1977,66"",""1979,89"",""1943,68"","""",""-0,0104"""
"""45013"",""1973,69"",""1957,23"",""1975,45"",""1948,66"","""",""0,0088"""
"""45014"",""1964,04"",""1972,82"",""1974,64"",""1958,62"","""",""-0,0049"""
"""45015"",""1980,25"",""1962,58"",""1984,4"",""1955,44"","""",""0,0083"""
"""45016"",""1967,9"",""1978,62"",""1987,84"",""1966,89"","""",""-0,0062"""
"""45019"",""1984,11"",""1970,84"",""1990,64"",""1949,82"","""",""0,0082"""
"""45020"",""2019,97"",""1984,59"",""2025,19"",""1977,01"","""",""0,0181"""
"""45021"",""2020,35"",""2020,44"",""2032,2"",""2009,99"","""",""0,0002"""
"""45022"",""2008,02"",""2020,13"",""2021,63"",""2000,88"","""",""-0,0061"""
"""45026"",""1989,95"",""2008,3"",""2011,17"",""1981,59"","""",""-0,009"""
"""45027"",""2003,14"",""1990,36"",""2007,58"",""1988,72"","""",""0,0066"""
"""45028"",""2014,67"",""2003,67"",""2028,4"",""2001,18"","""",""0,0058"""
"""45029"",""2039,73"",""2014"",""2048,84"",""2012,45"","""",""0,0124"""
"""45030"",""2003,04"",""2040,4"",""2047,6"",""1992,41"","""",""-0,018"""
"""45033"",""1994,77"",""2001,85"",""2015,13"",""1981,34"","""",""-0,0041"""
"""45034"",""2004,93"",""1995,19"",""2011,98"",""1991,33"","""",""0,0051"""
"""45035"",""1993,26"",""2007,49"",""2008,33"",""1969,28"","""",""-0,0058"""
"""45036"",""2004,34"",""1993,58"",""2012,74"",""1990,49"","""",""0,0056"""
"""45037"",""1982,89"",""2004,29"",""2005,75"",""1971,65"","""",""-0,0107"""
"""45040"",""1988,88"",""1981,34"",""1990,97"",""1974,19"","""",""0,003"""
"""45041"",""1997,87"",""1991,45"",""2003,9"",""1976,14"","""",""0,0045"""
"""45042"",""1989,48"",""2000,63"",""2009,51"",""1983,43"","""",""-0,0042"""
"""45043"",""1987,87"",""1987,58"",""2003,45"",""1973,8"","""",""-0,0008"""
"""45044"",""1989,65"",""1986,75"",""1995,13"",""1976,08"","""",""0,0009"""
"""45047"",""1982,05"",""1991,34"",""2006,05"",""1977,05"","""",""-0,0038"""
"""45048"",""2016,28"",""1982,81"",""2019,54"",""1978,38"","""",""0,0173"""
"""45049"",""2039,02"",""2014,8"",""2040,69"",""2007,96"","""",""0,0113"""
"""45050"",""2051,11"",""2036,86"",""2073,29"",""2030,34"","""",""0,0059"""
"""45051"",""2016,54"",""2051,73"",""2053,13"",""1999,3"","""",""-0,0169"""
"""45054"",""2021,39"",""2015,95"",""2029,63"",""2014,1"","""",""0,0024"""
"""45055"",""2034,17"",""2022,24"",""2037,7"",""2019,5"","""",""0,0063"""
"""45056"",""2029,51"",""2034,19"",""2048,22"",""2021,57"","""",""-0,0023"""
"""45057"",""2015,55"",""2030,56"",""2041,44"",""2011,19"","""",""-0,0069"""
"""45058"",""2011,15"",""2015,19"",""2022,56"",""2001,05"","""",""-0,0022"""
"""45061"",""2020,6"",""2011,72"",""2022,2"",""2007,28"","""",""0,0047"""
"""45062"",""1988,6"",""2015,9"",""2018,94"",""1985,47"","""",""-0,0158"""
"""45063"",""1981,72"",""1988,94"",""1993,13"",""1974,8"","""",""-0,0035"""
"""45064"",""1958,05"",""1981,52"",""1986,12"",""1951,97"","""",""-0,0119"""
"""45065"",""1976,56"",""1957,4"",""1984,09"",""1954,05"","""",""0,0094"""
"""45068"",""1969,43"",""1977,8"",""1982,66"",""1968,4"","""",""-0,0036"""
"""45069"",""1974,73"",""1971,99"",""1977,8"",""1954,29"","""",""0,0027"""
"""45070"",""1957,01"",""1975,19"",""1985,3"",""1956,51"","""",""-0,009"""
"""45071"",""1940,34"",""1958,13"",""1964,95"",""1938,86"","""",""-0,0085"""
"""45072"",""1946,33"",""1940,69"",""1957,4"",""1936,84"","""",""0,0031"""
"""45075"",""1942,84"",""1944,09"",""1949,75"",""1940,3"","""",""-0,0018"""
"""45076"",""1959,14"",""1944,19"",""1963,63"",""1932,08"","""",""0,0084"""
"""45077"",""1962,3"",""1959,3"",""1975,34"",""1953,67"","""",""0,0016"""
"""45078"",""1977,88"",""1962,8"",""1983,27"",""1953,43"","""",""0,0079"""
"""45079"",""1947,63"",""1978,14"",""1983,52"",""1947,67"","""",""-0,0153"""
"""45082"",""1961,76"",""1947,59"",""1964,13"",""1938,14"","""",""0,0073"""
"""45083"",""1962,85"",""1962,11"",""1966,85"",""1954"","""",""0,0006"""
"""45084"",""1939,63"",""1963,59"",""1970,26"",""1939,8"","""",""-0,0118"""
"""45085"",""1967,76"",""1940,59"",""1970,5"",""1939,81"","""",""0,0145"""
"""45086"",""1960,6"",""1968,1"",""1973,09"",""1956,73"","""",""-0,0036"""
"""45089"",""1956,92"",""1960,25"",""1967,55"",""1948,8"","""",""-0,0019"""
"""45090"",""1943,33"",""1957,69"",""1970,74"",""1939,99"","""",""-0,0069"""
"""45091"",""1942,99"",""1943,49"",""1960,41"",""1939,73"","""",""-0,0002"""
"""45092"",""1957,65"",""1943,44"",""1960,34"",""1925,3"","""",""0,0075"""
"""45093"",""1957,36"",""1957,68"",""1968"",""1953,42"","""",""-0,0001"""
"""45096"",""1950,12"",""1957,99"",""1958,93"",""1947,8"","""",""-0,0037"""
"""45097"",""1935,91"",""1950,9"",""1956,87"",""1929,77"","""",""-0,0073"""
"""45098"",""1932,26"",""1935,42"",""1939,55"",""1919,34"","""",""-0,0019"""
"""45099"",""1913,52"",""1932,09"",""1935"",""1912,34"","""",""-0,0097"""
"""45100"",""1921,36"",""1913,8"",""1937,1"",""1910,24"","""",""0,0041"""
"""45103"",""1922,85"",""1924,3"",""1933,48"",""1921,59"","""",""0,0008"""
"""45104"",""1913,35"",""1923,21"",""1930,85"",""1911,19"","""",""-0,0049"""
"""45105"",""1907,42"",""1913,59"",""1917,24"",""1902,84"","""",""-0,0031"""
"""45106"",""1908,15"",""1908,8"",""1913,15"",""1893,01"","""",""0,0004"""
"""45107"",""1919,57"",""1908,53"",""1922,9"",""1900,56"","""",""0,006"""
"""45110"",""1921,43"",""1919,4"",""1931,09"",""1910,1"","""",""0,001"""
"""45111"",""1925,09"",""1921,78"",""1930,84"",""1919,9"","""",""0,0019"""
"""45112"",""1917,32"",""1925,9"",""1935,17"",""1914,48"","""",""-0,004"""
"""45113"",""1910,8"",""1916,05"",""1927,69"",""1902,68"","""",""-0,0034"""
"""45114"",""1924,28"",""1911,07"",""1934,92"",""1909,56"","""",""0,0071"""
"""45117"",""1924,99"",""1925,19"",""1928,31"",""1912,68"","""",""0,0004"""
"""45118"",""1931,99"",""1925,4"",""1938,69"",""1924,4"","""",""0,0036"""
"""45119"",""1957,09"",""1932,59"",""1959,82"",""1932,18"","""",""0,013"""
"""45120"",""1960,19"",""1957,44"",""1963,69"",""1952,71"","""",""0,0016"""
"""45121"",""1954,93"",""1961,58"",""1963,81"",""1951"","""",""-0,0027"""
"""45124"",""1954,74"",""1954,9"",""1959,91"",""1945,82"","""",""-0,0001"""
"""45125"",""1978,71"",""1954,59"",""1984,39"",""1954,44"","""",""0,0123"""
"""45126"",""1977,25"",""1978,97"",""1981,05"",""1969,75"","""",""-0,0007"""
"""45127"",""1969,62"",""1976,8"",""1987,59"",""1965,4"","""",""-0,0039"""
"""45128"",""1960,23"",""1969,99"",""1973,89"",""1956,82"","""",""-0,0048"""
"""45131"",""1954,51"",""1962,09"",""1967,97"",""1953,42"","""",""-0,0029"""
"""45132"",""1964,58"",""1955,2"",""1966,03"",""1953,21"","""",""0,0052"""
"""45133"",""1972,1"",""1964,99"",""1978,31"",""1961,99"","""",""0,0038"""
"""45134"",""1944,99"",""1972,08"",""1982,24"",""1942,61"","""",""-0,0138"""
"""45135"",""1959,2"",""1944,27"",""1963,71"",""1944,27"","""",""0,0073"""
"""45138"",""1964,19"",""1959,49"",""1972,44"",""1951"","""",""0,0025"""
"""45139"",""1944,08"",""1965,1"",""1966,24"",""1941,2"","""",""-0,0102"""
"""45140"",""1933,56"",""1945,74"",""1955,4"",""1933"","""",""-0,0054"""
"""45141"",""1933,74"",""1934,66"",""1939,03"",""1929,55"","""",""0,0001"""
"""45142"",""1941,62"",""1934,12"",""1947,19"",""1929,75"","""",""0,0041"""
"""45145"",""1936,39"",""1942,59"",""1946,81"",""1931,53"","""",""-0,0027"""
"""45146"",""1924,82"",""1936,76"",""1938,15"",""1922,5"","""",""-0,006"""
"""45147"",""1914,59"",""1925,16"",""1932,48"",""1914,05"","""",""-0,0053"""
"""45148"",""1912,06"",""1914,94"",""1930,11"",""1911,73"","""",""-0,0013"""
"""45149"",""1913,32"",""1912,65"",""1921,15"",""1910,94"","""",""0,0007"""
"""45152"",""1907,9"",""1913,67"",""1916,55"",""1902,2"","""",""-0,0028"""
"""45153"",""1901,56"",""1907,4"",""1912,19"",""1896,15"","""",""-0,0033"""
"""45154"",""1891,76"",""1901,59"",""1907,9"",""1891,3"","""",""-0,0052"""
"""45155"",""1888,89"",""1892,2"",""1903,9"",""1884,5"","""",""-0,0015"""
"""45156"",""1888,19"",""1889,49"",""1897,44"",""1886,2"","""",""-0,0004"""
"""45159"",""1893,94"",""1889,4"",""1899,05"",""1884,5"","""",""0,003"""
"""45160"",""1897,47"",""1895,09"",""1905,05"",""1888,6"","""",""0,0019"""
"""45161"",""1914,31"",""1897,8"",""1920,94"",""1897,23"","""",""0,0089"""
"""45162"",""1917,43"",""1914,15"",""1923,94"",""1911,35"","""",""0,0016"""
"""45163"",""1914,53"",""1917,8"",""1923,09"",""1903,4"","""",""-0,0015"""
"""45166"",""1919,66"",""1916,09"",""1926,19"",""1912,83"","""",""0,0027"""
"""45167"",""1937,12"",""1920,23"",""1938,41"",""1914"","""",""0,0091"""
"""45168"",""1942,24"",""1937,48"",""1949,04"",""1934,94"","""",""0,0026"""
"""45169"",""1939,74"",""1942,61"",""1948,19"",""1938,86"","""",""-0,0013"""
"""45170"",""1938,8"",""1940,19"",""1953,44"",""1934,59"","""",""-0,0005"""
"""45173"",""1938,19"",""1940,49"",""1946,42"",""1936,15"","""",""-0,0003"""
"""45174"",""1925,81"",""1938,59"",""1939,13"",""1925,22"","""",""-0,0064"""
"""45175"",""1916,28"",""1926,16"",""1929,8"",""1914,8"","""",""-0,005"""
"""45176"",""1919,19"",""1916,86"",""1923,67"",""1916,1"","""",""0,0015"""
"""45177"",""1917,81"",""1919,57"",""1930,19"",""1917,36"","""",""-0,0007"""
"""45180"",""1921,66"",""1919,16"",""1930,9"",""1916,9"","""",""0,002"""
"""45181"",""1913,26"",""1922,9"",""1925,05"",""1907,15"","""",""-0,0044"""
"""45182"",""1906,3"",""1913,55"",""1916,3"",""1905,5"","""",""-0,0036"""
"""45183"",""1910,32"",""1906,68"",""1912,99"",""1900,95"","""",""0,0021"""
"""45184"",""1923,57"",""1910,9"",""1930,84"",""1909,74"","""",""0,0069"""
"""45187"",""1933,14"",""1924,19"",""1934,61"",""1922,15"","""",""0,005"""
"""45188"",""1930,94"",""1933,68"",""1937,94"",""1929,71"","""",""-0,0011"""
"""45189"",""1929,68"",""1931,69"",""1947,8"",""1927,9"","""",""-0,0007"""
"""45190"",""1919,57"",""1930,99"",""1931,74"",""1913,4"","""",""-0,0052"""
"""45191"",""1924,99"",""1920,08"",""1929,65"",""1919,58"","""",""0,0028"""
"""45194"",""1915,66"",""1925,24"",""1927,26"",""1915"","""",""-0,0048"""
"""45195"",""1900,49"",""1916,03"",""1916,89"",""1899,17"","""",""-0,0079"""
"""45196"",""1874,7"",""1900,69"",""1903,95"",""1872,47"","""",""-0,0136"""
"""45197"",""1864,56"",""1875,73"",""1880,15"",""1857,76"","""",""-0,0054"""
"""45198"",""1848,31"",""1865,43"",""1880,24"",""1846,34"","""",""-0,0087"""
"""45201"",""1827,4"",""1848,13"",""1849,06"",""1826,6"","""",""-0,0113"""
"""45202"",""1822,81"",""1827,96"",""1833,36"",""1814,7"","""",""-0,0025"""
"""45203"",""1821,08"",""1824,3"",""1831,05"",""1816,15"","""",""-0,001"""
"""45204"",""1820,01"",""1820,49"",""1829,3"",""1812,7"","""",""-0,0006"""
"""45205"",""1832,26"",""1820,4"",""1834,97"",""1810,1"","""",""0,0067"""
"""45208"",""1860,88"",""1832,74"",""1864,15"",""1832,63"","""",""0,0156"""
"""45209"",""1860,09"",""1861,27"",""1865,65"",""1852,65"","""",""-0,0004"""
"""45210"",""1873,61"",""1859,99"",""1877,22"",""1858,6"","""",""0,0073"""
"""45211"",""1868,65"",""1874,1"",""1885,3"",""1866,92"","""",""-0,0026"""
"""45212"",""1931,7"",""1869,02"",""1933,76"",""1868,94"","""",""0,0337"""
"""45215"",""1919,44"",""1929,3"",""1931,8"",""1907,65"","""",""-0,0063"""
"""45216"",""1923,07"",""1920,14"",""1931,56"",""1911,85"","""",""0,0019"""
"""45217"",""1947,69"",""1923,7"",""1962,74"",""1923,05"","""",""0,0128"""
"""45218"",""1973,7"",""1947,99"",""1977,86"",""1945,18"","""",""0,0134"""
"""45219"",""1981,04"",""1974,31"",""1997,27"",""1971,93"","""",""0,0037"""
"""45222"",""1972,59"",""1972,9"",""1983,4"",""1964,36"","""",""-0,0043"""
"""45223"",""1970,11"",""1972,97"",""1980,99"",""1953,5"","""",""-0,0013"""
"""45224"",""1979,62"",""1971,36"",""1987,19"",""1963,34"","""",""0,0048"""
"""45225"",""1984,82"",""1979,97"",""1994,05"",""1971,6"","""",""0,0026"""
"""45226"",""2005,78"",""1985,17"",""2009,48"",""1976,35"","""",""0,0106"""
"""45229"",""1995,88"",""2004,8"",""2007,37"",""1990,5"","""",""-0,0049"""
"""45230"",""1982,7"",""1996"",""2007,8"",""1978,9"","""",""-0,0066"""
"""45231"",""1982,15"",""1983,01"",""1992,09"",""1969,9"","""",""-0,0003"""
"""45232"",""1985,51"",""1983,53"",""1991,49"",""1978,9"","""",""0,0017"""
"""45233"",""1992,27"",""1985,69"",""2004,06"",""1983,26"","""",""0,0034"""
"""45236"",""1977,68"",""1992,3"",""1993,3"",""1977,52"","""",""-0,0073"""
"""45237"",""1968,4"",""1978,19"",""1978,75"",""1956,2"","""",""-0,0047"""
"""45238"",""1949,79"",""1968,84"",""1971,12"",""1947,48"","""",""-0,0095"""
"""45239"",""1958,19"",""1950,09"",""1965,69"",""1944,3"","""",""0,0043"""
"""45240"",""1936,79"",""1958,4"",""1960,93"",""1933,18"","""",""-0,0109"""
"""45243"",""1945,89"",""1937,05"",""1949,27"",""1931,73"","""",""0,0047"""
"""45244"",""1962,67"",""1946,19"",""1970,84"",""1943,4"","""",""0,0086"""
"""45245"",""1959,09"",""1963,05"",""1975,59"",""1955,41"","""",""-0,0018"""
"""45246"",""1980,85"",""1959,44"",""1988,03"",""1956,49"","""",""0,0111"""
"""45247"",""1980,01"",""1981,21"",""1993,94"",""1978,59"","""",""-0,0004"""
"""45250"",""1977,19"",""1980,39"",""1985,26"",""1965,2"","""",""-0,0014"""
"""45251"",""1998,37"",""1977,49"",""2007,52"",""1977,34"","""",""0,0107"""
"""45252"",""1989,72"",""1998,69"",""2006,9"",""1986,89"","""",""-0,0043"""
"""45253"",""1991,79"",""1990,15"",""1999,19"",""1989,01"","""",""0,001"""
"""45254"",""2001,97"",""1994,06"",""2003,68"",""1991,4"","""",""0,0051"""
"""45257"",""2013,64"",""2002,78"",""2018,14"",""2000,67"","""",""0,0058"""
"""45258"",""2040,89"",""2013,94"",""2043"",""2011,6"","""",""0,0135"""
"""45259"",""2044,59"",""2041,24"",""2052,09"",""2035,05"","""",""0,0018"""
"""45260"",""2035,75"",""2044,8"",""2047,59"",""2031,84"","""",""-0,0043"""
"""45261"",""2070,9"",""2034,49"",""2075,34"",""2033,75"","""",""0,0173"""
"""45264"",""2029,74"",""2071,25"",""2135,9"",""2020,34"","""",""-0,0199"""
"""45265"",""2019,42"",""2030,15"",""2041,33"",""2010,02"","""",""-0,0051"""
"""45266"",""2024,9"",""2019,74"",""2036,3"",""2017,27"","""",""0,0027"""
"""45267"",""2028,34"",""2025,3"",""2039,93"",""2020,26"","""",""0,0017"""
"""45268"",""2003,39"",""2028,69"",""2034,19"",""1994,74"","""",""-0,0123"""
"""45271"",""1981,3"",""2003,6"",""2008,72"",""1975,95"","""",""-0,011"""
"""45272"",""1979,44"",""1981,59"",""1996,8"",""1977,19"","""",""-0,0009"""
"""45273"",""2026,39"",""1979,74"",""2027,55"",""1973,09"","""",""0,0237"""
"""45274"",""2035,53"",""2026,59"",""2047,98"",""2024,33"","""",""0,0045"""
"""45275"",""2018,19"",""2035,8"",""2045,55"",""2015,68"","""",""-0,0085"""
"""45278"",""2027"",""2020,09"",""2033,71"",""2015,99"","""",""0,0044"""
"""45279"",""2040,12"",""2027,3"",""2047,07"",""2021,74"","""",""0,0065"""
"""45280"",""2029,19"",""2040,34"",""2043,94"",""2029,37"","""",""-0,0054"""
"""45281"",""2045,49"",""2029,44"",""2046,07"",""2029,44"","""",""0,008"""
"""45282"",""2052,98"",""2045,84"",""2070,65"",""2045,65"","""",""0,0037"""
"""45285"",""2054,93"",""2054,32"",""2058,36"",""2053,96"","""",""0,001"""
"""45286"",""2066,6"",""2055,73"",""2068,65"",""2053,59"","""",""0,0057"""
"""45287"",""2077,16"",""2066,7"",""2084,59"",""2061"","""",""0,0051"""
"""45288"",""2064,86"",""2077,34"",""2088,54"",""2065,89"","""",""-0,0059"""
"""45289"",""2062,59"",""2065,15"",""2075,15"",""2057,75"","""",""-0,0011"""
"""45292"",""2063,8"",""2064,24"",""2074,9"",""2063,3"","""",""0,0006"""